id,home_area,home_id,home_place,work_area,work_id,work_place,road_distance_km,tier,possible_corridor
aalst.erembodegem__brussels.north_quarter,aalst,aalst.erembodegem,Erembodegem,brussels,brussels.north_quarter,North Quarter,24.0,regular,
aalst.erembodegem__brussels.erasme,aalst,aalst.erembodegem,Erembodegem,brussels,brussels.erasme,Erasme business and hospital area,24.9,regular,
aalst.erembodegem__brussels.central_station,aalst,aalst.erembodegem,Erembodegem,brussels,brussels.central_station,Central Station office area,25.1,regular,
aalst.erembodegem__brussels.midi,aalst,aalst.erembodegem,Erembodegem,brussels,brussels.midi,Midi office area,25.8,regular,
aalst.erembodegem__brussels.european_quarter,aalst,aalst.erembodegem,Erembodegem,brussels,brussels.european_quarter,European Quarter,27.4,regular,
aalst.erembodegem__vilvoorde.cargovil,aalst,aalst.erembodegem,Erembodegem,vilvoorde,vilvoorde.cargovil,Cargovil,33.8,regular,
aalst.erembodegem__ghent.zwijnaarde,aalst,aalst.erembodegem,Erembodegem,ghent,ghent.zwijnaarde,Technologiepark Zwijnaarde,36.2,regular,
aalst.erembodegem__sint_niklaas.az_nikolaas,aalst,aalst.erembodegem,Erembodegem,sint_niklaas,sint_niklaas.az_nikolaas,AZ Nikolaas hospital,36.3,regular,
aalst.erembodegem__sint_niklaas.europark_zuid,aalst,aalst.erembodegem,Erembodegem,sint_niklaas,sint_niklaas.europark_zuid,Europark-Zuid,36.6,regular,
aalst.erembodegem__halle.lembeek,aalst,aalst.erembodegem,Erembodegem,halle,halle.lembeek,Lembeek industrial area,40.2,regular,
aalst.erembodegem__ghent.port,aalst,aalst.erembodegem,Erembodegem,ghent,ghent.port,Port of Ghent (Kennedylaan),42.2,regular,
aalst.erembodegem__leuven.gasthuisberg,aalst,aalst.erembodegem,Erembodegem,leuven,leuven.gasthuisberg,UZ Leuven Gasthuisberg,52.0,regular,
aalst.erembodegem__leuven.haasrode,aalst,aalst.erembodegem,Erembodegem,leuven,leuven.haasrode,Haasrode research park,56.0,regular,
aalst.erembodegem__antwerp.berchem_offices,aalst,aalst.erembodegem,Erembodegem,antwerp,antwerp.berchem_offices,Berchem office district,60.4,regular,
aalst.erembodegem__antwerp.kievit_offices,aalst,aalst.erembodegem,Erembodegem,antwerp,antwerp.kievit_offices,Kievit office district,62.8,regular,
aalst.nieuwerkerken__brussels.north_quarter,aalst,aalst.nieuwerkerken,Nieuwerkerken,brussels,brussels.north_quarter,North Quarter,27.7,regular,
aalst.nieuwerkerken__brussels.erasme,aalst,aalst.nieuwerkerken,Nieuwerkerken,brussels,brussels.erasme,Erasme business and hospital area,28.7,regular,
aalst.nieuwerkerken__brussels.central_station,aalst,aalst.nieuwerkerken,Nieuwerkerken,brussels,brussels.central_station,Central Station office area,28.9,regular,
aalst.nieuwerkerken__brussels.midi,aalst,aalst.nieuwerkerken,Nieuwerkerken,brussels,brussels.midi,Midi office area,29.6,regular,
aalst.nieuwerkerken__brussels.european_quarter,aalst,aalst.nieuwerkerken,Nieuwerkerken,brussels,brussels.european_quarter,European Quarter,31.2,regular,
aalst.nieuwerkerken__ghent.the_loop,aalst,aalst.nieuwerkerken,Nieuwerkerken,ghent,ghent.the_loop,The Loop,32.0,regular,
aalst.nieuwerkerken__ghent.zwijnaarde,aalst,aalst.nieuwerkerken,Nieuwerkerken,ghent,ghent.zwijnaarde,Technologiepark Zwijnaarde,32.2,regular,
aalst.nieuwerkerken__sint_niklaas.az_nikolaas,aalst,aalst.nieuwerkerken,Nieuwerkerken,sint_niklaas,sint_niklaas.az_nikolaas,AZ Nikolaas hospital,36.0,regular,
aalst.nieuwerkerken__sint_niklaas.europark_zuid,aalst,aalst.nieuwerkerken,Nieuwerkerken,sint_niklaas,sint_niklaas.europark_zuid,Europark-Zuid,36.4,regular,
aalst.nieuwerkerken__vilvoorde.cargovil,aalst,aalst.nieuwerkerken,Nieuwerkerken,vilvoorde,vilvoorde.cargovil,Cargovil,37.6,regular,
aalst.nieuwerkerken__halle.lembeek,aalst,aalst.nieuwerkerken,Nieuwerkerken,halle,halle.lembeek,Lembeek industrial area,43.9,regular,
aalst.nieuwerkerken__leuven.gasthuisberg,aalst,aalst.nieuwerkerken,Nieuwerkerken,leuven,leuven.gasthuisberg,UZ Leuven Gasthuisberg,55.8,regular,
aalst.nieuwerkerken__leuven.haasrode,aalst,aalst.nieuwerkerken,Nieuwerkerken,leuven,leuven.haasrode,Haasrode research park,59.8,regular,
aalst.nieuwerkerken__antwerp.berchem_offices,aalst,aalst.nieuwerkerken,Nieuwerkerken,antwerp,antwerp.berchem_offices,Berchem office district,64.2,regular,
aalst.nieuwerkerken__antwerp.kievit_offices,aalst,aalst.nieuwerkerken,Nieuwerkerken,antwerp,antwerp.kievit_offices,Kievit office district,66.6,regular,
aalst.watertoren__brussels.north_quarter,aalst,aalst.watertoren,Watertoren,brussels,brussels.north_quarter,North Quarter,27.8,regular,
aalst.watertoren__brussels.erasme,aalst,aalst.watertoren,Watertoren,brussels,brussels.erasme,Erasme business and hospital area,28.8,regular,
aalst.watertoren__brussels.central_station,aalst,aalst.watertoren,Watertoren,brussels,brussels.central_station,Central Station office area,28.9,regular,
aalst.watertoren__brussels.midi,aalst,aalst.watertoren,Watertoren,brussels,brussels.midi,Midi office area,29.6,regular,
aalst.watertoren__brussels.european_quarter,aalst,aalst.watertoren,Watertoren,brussels,brussels.european_quarter,European Quarter,31.2,regular,
aalst.watertoren__ghent.zwijnaarde,aalst,aalst.watertoren,Watertoren,ghent,ghent.zwijnaarde,Technologiepark Zwijnaarde,32.5,regular,
aalst.watertoren__vilvoorde.cargovil,aalst,aalst.watertoren,Watertoren,vilvoorde,vilvoorde.cargovil,Cargovil,37.6,regular,
aalst.watertoren__ghent.port,aalst,aalst.watertoren,Watertoren,ghent,ghent.port,Port of Ghent (Kennedylaan),38.4,regular,
aalst.watertoren__halle.lembeek,aalst,aalst.watertoren,Watertoren,halle,halle.lembeek,Lembeek industrial area,44.0,regular,
aalst.watertoren__leuven.gasthuisberg,aalst,aalst.watertoren,Watertoren,leuven,leuven.gasthuisberg,UZ Leuven Gasthuisberg,55.8,regular,
aalst.watertoren__leuven.haasrode,aalst,aalst.watertoren,Watertoren,leuven,leuven.haasrode,Haasrode research park,59.8,regular,
aalst.watertoren__sint_niklaas.az_nikolaas,aalst,aalst.watertoren,Watertoren,sint_niklaas,sint_niklaas.az_nikolaas,AZ Nikolaas hospital,62.1,regular,
aalst.watertoren__sint_niklaas.europark_zuid,aalst,aalst.watertoren,Watertoren,sint_niklaas,sint_niklaas.europark_zuid,Europark-Zuid,62.4,regular,
aalst.watertoren__antwerp.berchem_offices,aalst,aalst.watertoren,Watertoren,antwerp,antwerp.berchem_offices,Berchem office district,64.2,regular,
aalst.watertoren__antwerp.kievit_offices,aalst,aalst.watertoren,Watertoren,antwerp,antwerp.kievit_offices,Kievit office district,66.6,regular,
antwerp.berchem__mechelen.mechelen_noord,antwerp,antwerp.berchem,Berchem,mechelen,mechelen.mechelen_noord,Mechelen-Noord business area,18.9,regular,
antwerp.berchem__mechelen.az_sint_maarten,antwerp,antwerp.berchem,Berchem,mechelen,mechelen.az_sint_maarten,AZ Sint-Maarten hospital,20.2,regular,
antwerp.berchem__sint_niklaas.az_nikolaas,antwerp,antwerp.berchem,Berchem,sint_niklaas,sint_niklaas.az_nikolaas,AZ Nikolaas hospital,23.7,regular,
antwerp.berchem__sint_niklaas.europark_zuid,antwerp,antwerp.berchem,Berchem,sint_niklaas,sint_niklaas.europark_zuid,Europark-Zuid,24.1,regular,
antwerp.berchem__vilvoorde.cargovil,antwerp,antwerp.berchem,Berchem,vilvoorde,vilvoorde.cargovil,Cargovil,33.5,regular,
antwerp.berchem__brussels.north_quarter,antwerp,antwerp.berchem,Berchem,brussels,brussels.north_quarter,North Quarter,41.4,regular,
antwerp.berchem__brussels.midi,antwerp,antwerp.berchem,Berchem,brussels,brussels.midi,Midi office area,43.8,regular,
antwerp.berchem__turnhout.veedijk,antwerp,antwerp.berchem,Berchem,turnhout,turnhout.veedijk,Veedijk business area,44.5,regular,
antwerp.berchem__brussels.european_quarter,antwerp,antwerp.berchem,Berchem,brussels,brussels.european_quarter,European Quarter,47.1,regular,
antwerp.berchem__brussels.erasme,antwerp,antwerp.berchem,Berchem,brussels,brussels.erasme,Erasme business and hospital area,48.7,regular,
antwerp.berchem__brussels.central_station,antwerp,antwerp.berchem,Berchem,brussels,brussels.central_station,Central Station office area,49.2,regular,
antwerp.berchem__aalst.olv_hospital,antwerp,antwerp.berchem,Berchem,aalst,aalst.olv_hospital,OLV hospital (AZORG),49.3,regular,
antwerp.berchem__ghent.port,antwerp,antwerp.berchem,Berchem,ghent,ghent.port,Port of Ghent (Kennedylaan),55.5,regular,
antwerp.berchem__leuven.gasthuisberg,antwerp,antwerp.berchem,Berchem,leuven,leuven.gasthuisberg,UZ Leuven Gasthuisberg,57.0,regular,
antwerp.berchem__leuven.haasrode,antwerp,antwerp.berchem,Berchem,leuven,leuven.haasrode,Haasrode research park,61.0,regular,
antwerp.borgerhout__mechelen.mechelen_noord,antwerp,antwerp.borgerhout,Borgerhout,mechelen,mechelen.mechelen_noord,Mechelen-Noord business area,21.7,regular,
antwerp.borgerhout__mechelen.az_sint_maarten,antwerp,antwerp.borgerhout,Borgerhout,mechelen,mechelen.az_sint_maarten,AZ Sint-Maarten hospital,23.0,regular,
antwerp.borgerhout__sint_niklaas.az_nikolaas,antwerp,antwerp.borgerhout,Borgerhout,sint_niklaas,sint_niklaas.az_nikolaas,AZ Nikolaas hospital,27.0,regular,
antwerp.borgerhout__sint_niklaas.europark_zuid,antwerp,antwerp.borgerhout,Borgerhout,sint_niklaas,sint_niklaas.europark_zuid,Europark-Zuid,27.3,regular,
antwerp.borgerhout__vilvoorde.cargovil,antwerp,antwerp.borgerhout,Borgerhout,vilvoorde,vilvoorde.cargovil,Cargovil,36.3,regular,
antwerp.borgerhout__turnhout.veedijk,antwerp,antwerp.borgerhout,Borgerhout,turnhout,turnhout.veedijk,Veedijk business area,42.8,regular,
antwerp.borgerhout__brussels.north_quarter,antwerp,antwerp.borgerhout,Borgerhout,brussels,brussels.north_quarter,North Quarter,46.1,regular,
antwerp.borgerhout__brussels.midi,antwerp,antwerp.borgerhout,Borgerhout,brussels,brussels.midi,Midi office area,48.6,regular,
antwerp.borgerhout__brussels.european_quarter,antwerp,antwerp.borgerhout,Borgerhout,brussels,brussels.european_quarter,European Quarter,49.9,regular,
antwerp.borgerhout__brussels.central_station,antwerp,antwerp.borgerhout,Borgerhout,brussels,brussels.central_station,Central Station office area,52.0,regular,
antwerp.borgerhout__brussels.erasme,antwerp,antwerp.borgerhout,Borgerhout,brussels,brussels.erasme,Erasme business and hospital area,53.4,regular,
antwerp.borgerhout__ghent.port,antwerp,antwerp.borgerhout,Borgerhout,ghent,ghent.port,Port of Ghent (Kennedylaan),58.7,regular,
antwerp.borgerhout__leuven.gasthuisberg,antwerp,antwerp.borgerhout,Borgerhout,leuven,leuven.gasthuisberg,UZ Leuven Gasthuisberg,59.9,regular,
antwerp.borgerhout__ghent.zwijnaarde,antwerp,antwerp.borgerhout,Borgerhout,ghent,ghent.zwijnaarde,Technologiepark Zwijnaarde,62.7,regular,
antwerp.borgerhout__leuven.haasrode,antwerp,antwerp.borgerhout,Borgerhout,leuven,leuven.haasrode,Haasrode research park,63.8,regular,
antwerp.deurne__mechelen.mechelen_noord,antwerp,antwerp.deurne,Deurne,mechelen,mechelen.mechelen_noord,Mechelen-Noord business area,24.4,regular,
antwerp.deurne__mechelen.az_sint_maarten,antwerp,antwerp.deurne,Deurne,mechelen,mechelen.az_sint_maarten,AZ Sint-Maarten hospital,25.6,regular,
antwerp.deurne__sint_niklaas.az_nikolaas,antwerp,antwerp.deurne,Deurne,sint_niklaas,sint_niklaas.az_nikolaas,AZ Nikolaas hospital,29.6,regular,
antwerp.deurne__sint_niklaas.europark_zuid,antwerp,antwerp.deurne,Deurne,sint_niklaas,sint_niklaas.europark_zuid,Europark-Zuid,30.0,regular,
antwerp.deurne__vilvoorde.cargovil,antwerp,antwerp.deurne,Deurne,vilvoorde,vilvoorde.cargovil,Cargovil,38.9,regular,
antwerp.deurne__turnhout.veedijk,antwerp,antwerp.deurne,Deurne,turnhout,turnhout.veedijk,Veedijk business area,41.7,regular,
antwerp.deurne__brussels.north_quarter,antwerp,antwerp.deurne,Deurne,brussels,brussels.north_quarter,North Quarter,46.9,regular,
antwerp.deurne__geel.kievermont,antwerp,antwerp.deurne,Deurne,geel,geel.kievermont,Kievermont business area,47.7,regular,
antwerp.deurne__brussels.central_station,antwerp,antwerp.deurne,Deurne,brussels,brussels.central_station,Central Station office area,48.8,regular,
antwerp.deurne__brussels.midi,antwerp,antwerp.deurne,Deurne,brussels,brussels.midi,Midi office area,49.3,regular,
antwerp.deurne__brussels.european_quarter,antwerp,antwerp.deurne,Deurne,brussels,brussels.european_quarter,European Quarter,52.5,regular,
antwerp.deurne__brussels.erasme,antwerp,antwerp.deurne,Deurne,brussels,brussels.erasme,Erasme business and hospital area,54.1,regular,
antwerp.deurne__ghent.port,antwerp,antwerp.deurne,Deurne,ghent,ghent.port,Port of Ghent (Kennedylaan),61.4,regular,
antwerp.deurne__leuven.gasthuisberg,antwerp,antwerp.deurne,Deurne,leuven,leuven.gasthuisberg,UZ Leuven Gasthuisberg,62.5,regular,
antwerp.deurne__leuven.haasrode,antwerp,antwerp.deurne,Deurne,leuven,leuven.haasrode,Haasrode research park,66.5,regular,
antwerp.merksem__mechelen.mechelen_noord,antwerp,antwerp.merksem,Merksem,mechelen,mechelen.mechelen_noord,Mechelen-Noord business area,27.3,regular,
antwerp.merksem__mechelen.az_sint_maarten,antwerp,antwerp.merksem,Merksem,mechelen,mechelen.az_sint_maarten,AZ Sint-Maarten hospital,28.5,regular,
antwerp.merksem__sint_niklaas.az_nikolaas,antwerp,antwerp.merksem,Merksem,sint_niklaas,sint_niklaas.az_nikolaas,AZ Nikolaas hospital,32.5,regular,
antwerp.merksem__sint_niklaas.europark_zuid,antwerp,antwerp.merksem,Merksem,sint_niklaas,sint_niklaas.europark_zuid,Europark-Zuid,32.9,regular,
antwerp.merksem__vilvoorde.cargovil,antwerp,antwerp.merksem,Merksem,vilvoorde,vilvoorde.cargovil,Cargovil,41.8,regular,
antwerp.merksem__turnhout.veedijk,antwerp,antwerp.merksem,Merksem,turnhout,turnhout.veedijk,Veedijk business area,44.7,regular,
antwerp.merksem__brussels.north_quarter,antwerp,antwerp.merksem,Merksem,brussels,brussels.north_quarter,North Quarter,49.8,regular,
antwerp.merksem__geel.kievermont,antwerp,antwerp.merksem,Merksem,geel,geel.kievermont,Kievermont business area,50.8,regular,
antwerp.merksem__brussels.central_station,antwerp,antwerp.merksem,Merksem,brussels,brussels.central_station,Central Station office area,51.7,regular,
antwerp.merksem__brussels.midi,antwerp,antwerp.merksem,Merksem,brussels,brussels.midi,Midi office area,52.2,regular,
antwerp.merksem__brussels.european_quarter,antwerp,antwerp.merksem,Merksem,brussels,brussels.european_quarter,European Quarter,55.4,regular,
antwerp.merksem__brussels.erasme,antwerp,antwerp.merksem,Merksem,brussels,brussels.erasme,Erasme business and hospital area,57.0,regular,
antwerp.merksem__leuven.gasthuisberg,antwerp,antwerp.merksem,Merksem,leuven,leuven.gasthuisberg,UZ Leuven Gasthuisberg,65.4,regular,
antwerp.merksem__leuven.haasrode,antwerp,antwerp.merksem,Merksem,leuven,leuven.haasrode,Haasrode research park,69.4,regular,
antwerp.merksem__aalst.olv_hospital,antwerp,antwerp.merksem,Merksem,aalst,aalst.olv_hospital,OLV hospital (AZORG),71.1,regular,
beringen.koersel__hasselt.corda_campus,beringen,beringen.koersel,Koersel,hasselt,hasselt.corda_campus,Corda Campus,19.7,regular,
beringen.koersel__geel.kievermont,beringen,beringen.koersel,Koersel,geel,geel.kievermont,Kievermont business area,24.1,regular,
beringen.koersel__hasselt.jessa,beringen,beringen.koersel,Koersel,hasselt,hasselt.jessa,Jessa hospital,24.5,regular,
beringen.koersel__genk.thor_park,beringen,beringen.koersel,Koersel,genk,genk.thor_park,Thor Park,29.1,regular,
beringen.koersel__diepenbeek.wetenschapspark,beringen,beringen.koersel,Koersel,diepenbeek,diepenbeek.wetenschapspark,Wetenschapspark Diepenbeek,29.3,regular,
beringen.koersel__genk.genk_zuid,beringen,beringen.koersel,Koersel,genk,genk.genk_zuid,Genk-Zuid industrial area,30.7,regular,
beringen.koersel__hamont_achel.hamont_industrial,beringen,beringen.koersel,Koersel,hamont_achel,hamont_achel.hamont_industrial,Hamont industrial area,37.0,regular,
beringen.koersel__bilzen.spelver,beringen,beringen.koersel,Koersel,bilzen,bilzen.spelver,Spelver business park,40.5,regular,
beringen.koersel__leuven.gasthuisberg,beringen,beringen.koersel,Koersel,leuven,leuven.gasthuisberg,UZ Leuven Gasthuisberg,56.3,regular,
beringen.koersel__antwerp.berchem_offices,beringen,beringen.koersel,Koersel,antwerp,antwerp.berchem_offices,Berchem office district,60.1,regular,
beringen.koersel__leuven.haasrode,beringen,beringen.koersel,Koersel,leuven,leuven.haasrode,Haasrode research park,66.8,regular,
beringen.koersel__liege.guillemins,beringen,beringen.koersel,Koersel,liege,liege.guillemins,Guillemins office area,66.9,regular,
beringen.paal__mol.berkebossen,beringen,beringen.paal,Paal,mol,mol.berkebossen,Berkebossen business area,20.7,regular,
beringen.paal__hasselt.jessa,beringen,beringen.paal,Paal,hasselt,hasselt.jessa,Jessa hospital,21.9,regular,
beringen.paal__hasselt.corda_campus,beringen,beringen.paal,Paal,hasselt,hasselt.corda_campus,Corda Campus,22.4,regular,
beringen.paal__geel.kievermont,beringen,beringen.paal,Paal,geel,geel.kievermont,Kievermont business area,25.3,regular,
beringen.paal__diepenbeek.wetenschapspark,beringen,beringen.paal,Paal,diepenbeek,diepenbeek.wetenschapspark,Wetenschapspark Diepenbeek,26.8,regular,
beringen.paal__lommel.kristalpark,beringen,beringen.paal,Paal,lommel,lommel.kristalpark,Kristalpark,29.1,regular,
beringen.paal__genk.thor_park,beringen,beringen.paal,Paal,genk,genk.thor_park,Thor Park,32.3,regular,
beringen.paal__genk.genk_zuid,beringen,beringen.paal,Paal,genk,genk.genk_zuid,Genk-Zuid industrial area,34.0,regular,
beringen.paal__leuven.gasthuisberg,beringen,beringen.paal,Paal,leuven,leuven.gasthuisberg,UZ Leuven Gasthuisberg,53.8,regular,
beringen.paal__antwerp.berchem_offices,beringen,beringen.paal,Paal,antwerp,antwerp.berchem_offices,Berchem office district,61.3,regular,
beringen.paal__leuven.haasrode,beringen,beringen.paal,Paal,leuven,leuven.haasrode,Haasrode research park,64.3,regular,
beringen.paal__liege.guillemins,beringen,beringen.paal,Paal,liege,liege.guillemins,Guillemins office area,64.4,regular,
bilzen.broeken__liege.guillemins,bilzen,bilzen.broeken,Broeken,liege,liege.guillemins,Guillemins office area,34.8,regular,
bilzen.broeken__maaseik.jagersborg,bilzen,bilzen.broeken,Broeken,maaseik,maaseik.jagersborg,Jagersborg business area,36.2,regular,
bilzen.broeken__beringen.industrieweg,bilzen,bilzen.broeken,Broeken,beringen,beringen.industrieweg,Beringen industrial area,36.9,regular,
bilzen.broeken__kinrooi.agropolis,bilzen,bilzen.broeken,Broeken,kinrooi,kinrooi.agropolis,Agropolis,45.3,regular,
bilzen.broeken__liege.sart_tilman,bilzen,bilzen.broeken,Broeken,liege,liege.sart_tilman,Sart-Tilman university and hospital,49.6,regular,
bilzen.broeken__mol.berkebossen,bilzen,bilzen.broeken,Broeken,mol,mol.berkebossen,Berkebossen business area,59.9,regular,
bilzen.broeken__hamont_achel.hamont_industrial,bilzen,bilzen.broeken,Broeken,hamont_achel,hamont_achel.hamont_industrial,Hamont industrial area,61.0,regular,
bilzen.broeken__lommel.kristalpark,bilzen,bilzen.broeken,Broeken,lommel,lommel.kristalpark,Kristalpark,64.2,regular,
bilzen.broeken__leuven.gasthuisberg,bilzen,bilzen.broeken,Broeken,leuven,leuven.gasthuisberg,UZ Leuven Gasthuisberg,75.6,regular,
bilzen.broeken__leuven.haasrode,bilzen,bilzen.broeken,Broeken,leuven,leuven.haasrode,Haasrode research park,86.1,regular,
bilzen.broeken__namur.centre,bilzen,bilzen.broeken,Broeken,namur,namur.centre,Namur station administrative area,89.2,regular,
bilzen.broeken__namur.ecolys,bilzen,bilzen.broeken,Broeken,namur,namur.ecolys,Ecolys business park,91.4,regular,
bilzen.broeken__brussels.european_quarter,bilzen,bilzen.broeken,Broeken,brussels,brussels.european_quarter,European Quarter,96.5,regular,
bilzen.broeken__brussels.central_station,bilzen,bilzen.broeken,Broeken,brussels,brussels.central_station,Central Station office area,98.6,regular,
bilzen.broeken__brussels.north_quarter,bilzen,bilzen.broeken,Broeken,brussels,brussels.north_quarter,North Quarter,99.6,regular,
bilzen.broeken__brussels.midi,bilzen,bilzen.broeken,Broeken,brussels,brussels.midi,Midi office area,100.9,regular,
bilzen.broeken__brussels.erasme,bilzen,bilzen.broeken,Broeken,brussels,brussels.erasme,Erasme business and hospital area,116.4,regular,
bilzen.hoeselt_centrum__brussels.european_quarter,bilzen,bilzen.hoeselt_centrum,Hoeselt-Centrum,brussels,brussels.european_quarter,European Quarter,95.9,watchlist,leuven_e40
bilzen.hoeselt_centrum__maasmechelen.oude_bunders,bilzen,bilzen.hoeselt_centrum,Hoeselt-Centrum,maasmechelen,maasmechelen.oude_bunders,Oude Bunders industrial area,23.6,regular,
bilzen.hoeselt_centrum__genk.thor_park,bilzen,bilzen.hoeselt_centrum,Hoeselt-Centrum,genk,genk.thor_park,Thor Park,26.0,regular,
bilzen.hoeselt_centrum__liege.guillemins,bilzen,bilzen.hoeselt_centrum,Hoeselt-Centrum,liege,liege.guillemins,Guillemins office area,32.9,regular,
bilzen.hoeselt_centrum__beringen.industrieweg,bilzen,bilzen.hoeselt_centrum,Hoeselt-Centrum,beringen,beringen.industrieweg,Beringen industrial area,36.2,regular,
bilzen.hoeselt_centrum__maaseik.jagersborg,bilzen,bilzen.hoeselt_centrum,Hoeselt-Centrum,maaseik,maaseik.jagersborg,Jagersborg business area,41.8,regular,
bilzen.hoeselt_centrum__liege.sart_tilman,bilzen,bilzen.hoeselt_centrum,Hoeselt-Centrum,liege,liege.sart_tilman,Sart-Tilman university and hospital,47.7,regular,
bilzen.hoeselt_centrum__kinrooi.agropolis,bilzen,bilzen.hoeselt_centrum,Hoeselt-Centrum,kinrooi,kinrooi.agropolis,Agropolis,50.9,regular,
bilzen.hoeselt_centrum__lommel.kristalpark,bilzen,bilzen.hoeselt_centrum,Hoeselt-Centrum,lommel,lommel.kristalpark,Kristalpark,64.7,regular,
bilzen.hoeselt_centrum__leuven.haasrode,bilzen,bilzen.hoeselt_centrum,Hoeselt-Centrum,leuven,leuven.haasrode,Haasrode research park,71.1,regular,
bilzen.hoeselt_centrum__leuven.gasthuisberg,bilzen,bilzen.hoeselt_centrum,Hoeselt-Centrum,leuven,leuven.gasthuisberg,UZ Leuven Gasthuisberg,75.0,regular,
bilzen.hoeselt_centrum__namur.centre,bilzen,bilzen.hoeselt_centrum,Hoeselt-Centrum,namur,namur.centre,Namur station administrative area,87.3,regular,
bilzen.hoeselt_centrum__namur.ecolys,bilzen,bilzen.hoeselt_centrum,Hoeselt-Centrum,namur,namur.ecolys,Ecolys business park,89.5,regular,
bilzen.hoeselt_centrum__brussels.central_station,bilzen,bilzen.hoeselt_centrum,Hoeselt-Centrum,brussels,brussels.central_station,Central Station office area,98.0,regular,
bilzen.hoeselt_centrum__brussels.north_quarter,bilzen,bilzen.hoeselt_centrum,Hoeselt-Centrum,brussels,brussels.north_quarter,North Quarter,99.0,regular,
bilzen.hoeselt_centrum__brussels.midi,bilzen,bilzen.hoeselt_centrum,Hoeselt-Centrum,brussels,brussels.midi,Midi office area,100.3,regular,
bilzen.hoeselt_centrum__brussels.erasme,bilzen,bilzen.hoeselt_centrum,Hoeselt-Centrum,brussels,brussels.erasme,Erasme business and hospital area,115.8,regular,
bruges.assebroek__oostende.plassendale,bruges,bruges.assebroek,Assebroek,oostende,oostende.plassendale,Plassendale business park,22.7,regular,
bruges.assebroek__roeselare.roeselare_west,bruges,bruges.assebroek,Assebroek,roeselare,roeselare.roeselare_west,Roeselare-West business area,34.9,regular,
bruges.assebroek__oostende.airport,bruges,bruges.assebroek,Assebroek,oostende,oostende.airport,Ostend-Bruges airport business area,35.5,regular,
bruges.assebroek__roeselare.az_delta,bruges,bruges.assebroek,Assebroek,roeselare,roeselare.az_delta,AZ Delta hospital,37.9,regular,
bruges.assebroek__ghent.the_loop,bruges,bruges.assebroek,Assebroek,ghent,ghent.the_loop,The Loop,46.3,regular,
bruges.assebroek__ghent.zwijnaarde,bruges,bruges.assebroek,Assebroek,ghent,ghent.zwijnaarde,Technologiepark Zwijnaarde,47.0,regular,
bruges.assebroek__kortrijk.az_groeninge,bruges,bruges.assebroek,Assebroek,kortrijk,kortrijk.az_groeninge,AZ Groeninge hospital,55.6,regular,
bruges.assebroek__kortrijk.kennedypark,bruges,bruges.assebroek,Assebroek,kortrijk,kortrijk.kennedypark,Kennedypark,55.8,regular,
bruges.assebroek__ghent.port,bruges,bruges.assebroek,Assebroek,ghent,ghent.port,Port of Ghent (Kennedylaan),62.2,regular,
bruges.assebroek__ieper.ieperleekanaal,bruges,bruges.assebroek,Assebroek,ieper,ieper.ieperleekanaal,Ieperleekanaal business area,70.5,regular,
bruges.assebroek__antwerp.port,bruges,bruges.assebroek,Assebroek,antwerp,antwerp.port,Port of Antwerp (Noorderlaan),87.4,regular,
bruges.assebroek__antwerp.kievit_offices,bruges,bruges.assebroek,Assebroek,antwerp,antwerp.kievit_offices,Kievit office district,90.0,regular,
bruges.assebroek__brussels.erasme,bruges,bruges.assebroek,Assebroek,brussels,brussels.erasme,Erasme business and hospital area,96.4,regular,
bruges.sint_andries__roeselare.roeselare_west,bruges,bruges.sint_andries,Sint-Andries,roeselare,roeselare.roeselare_west,Roeselare-West business area,32.1,regular,
bruges.sint_andries__oostende.airport,bruges,bruges.sint_andries,Sint-Andries,oostende,oostende.airport,Ostend-Bruges airport business area,32.8,regular,
bruges.sint_andries__roeselare.az_delta,bruges,bruges.sint_andries,Sint-Andries,roeselare,roeselare.az_delta,AZ Delta hospital,35.1,regular,
bruges.sint_andries__ghent.the_loop,bruges,bruges.sint_andries,Sint-Andries,ghent,ghent.the_loop,The Loop,47.0,regular,
bruges.sint_andries__ghent.zwijnaarde,bruges,bruges.sint_andries,Sint-Andries,ghent,ghent.zwijnaarde,Technologiepark Zwijnaarde,47.7,regular,
bruges.sint_andries__kortrijk.az_groeninge,bruges,bruges.sint_andries,Sint-Andries,kortrijk,kortrijk.az_groeninge,AZ Groeninge hospital,52.9,regular,
bruges.sint_andries__kortrijk.kennedypark,bruges,bruges.sint_andries,Sint-Andries,kortrijk,kortrijk.kennedypark,Kennedypark,53.0,regular,
bruges.sint_andries__ghent.port,bruges,bruges.sint_andries,Sint-Andries,ghent,ghent.port,Port of Ghent (Kennedylaan),62.9,regular,
bruges.sint_andries__ieper.ieperleekanaal,bruges,bruges.sint_andries,Sint-Andries,ieper,ieper.ieperleekanaal,Ieperleekanaal business area,67.7,regular,
bruges.sint_andries__antwerp.port,bruges,bruges.sint_andries,Sint-Andries,antwerp,antwerp.port,Port of Antwerp (Noorderlaan),93.2,regular,
bruges.sint_andries__brussels.erasme,bruges,bruges.sint_andries,Sint-Andries,brussels,brussels.erasme,Erasme business and hospital area,97.1,regular,
bruges.sint_andries__brussels.midi,bruges,bruges.sint_andries,Sint-Andries,brussels,brussels.midi,Midi office area,97.9,regular,
bruges.sint_andries__antwerp.kievit_offices,bruges,bruges.sint_andries,Sint-Andries,antwerp,antwerp.kievit_offices,Kievit office district,104.9,regular,
bruges.sint_gillis__oostende.airport,bruges,bruges.sint_gillis,Sint-Gillis,oostende,oostende.airport,Ostend-Bruges airport business area,35.0,regular,
bruges.sint_gillis__roeselare.roeselare_west,bruges,bruges.sint_gillis,Sint-Gillis,roeselare,roeselare.roeselare_west,Roeselare-West business area,36.5,regular,
bruges.sint_gillis__roeselare.az_delta,bruges,bruges.sint_gillis,Sint-Gillis,roeselare,roeselare.az_delta,AZ Delta hospital,39.5,regular,
bruges.sint_gillis__ghent.the_loop,bruges,bruges.sint_gillis,Sint-Gillis,ghent,ghent.the_loop,The Loop,51.4,regular,
bruges.sint_gillis__ghent.zwijnaarde,bruges,bruges.sint_gillis,Sint-Gillis,ghent,ghent.zwijnaarde,Technologiepark Zwijnaarde,52.1,regular,
bruges.sint_gillis__kortrijk.az_groeninge,bruges,bruges.sint_gillis,Sint-Gillis,kortrijk,kortrijk.az_groeninge,AZ Groeninge hospital,57.3,regular,
bruges.sint_gillis__kortrijk.kennedypark,bruges,bruges.sint_gillis,Sint-Gillis,kortrijk,kortrijk.kennedypark,Kennedypark,57.4,regular,
bruges.sint_gillis__ghent.port,bruges,bruges.sint_gillis,Sint-Gillis,ghent,ghent.port,Port of Ghent (Kennedylaan),67.3,regular,
bruges.sint_gillis__ieper.ieperleekanaal,bruges,bruges.sint_gillis,Sint-Gillis,ieper,ieper.ieperleekanaal,Ieperleekanaal business area,72.1,regular,
bruges.sint_gillis__antwerp.port,bruges,bruges.sint_gillis,Sint-Gillis,antwerp,antwerp.port,Port of Antwerp (Noorderlaan),91.0,regular,
bruges.sint_gillis__antwerp.kievit_offices,bruges,bruges.sint_gillis,Sint-Gillis,antwerp,antwerp.kievit_offices,Kievit office district,93.6,regular,
bruges.sint_gillis__brussels.erasme,bruges,bruges.sint_gillis,Sint-Gillis,brussels,brussels.erasme,Erasme business and hospital area,101.5,regular,
bruges.sint_gillis__brussels.midi,bruges,bruges.sint_gillis,Sint-Gillis,brussels,brussels.midi,Midi office area,102.3,regular,
brussels.anderlecht__oostende.plassendale,brussels,brussels.anderlecht,Anderlecht,oostende,oostende.plassendale,Plassendale business park,106.9,watchlist,ghent_e40
brussels.anderlecht__aalst.erembodegem,brussels,brussels.anderlecht,Anderlecht,aalst,aalst.erembodegem,Erembodegem business area,27.9,regular,
brussels.anderlecht__leuven.gasthuisberg,brussels,brussels.anderlecht,Anderlecht,leuven,leuven.gasthuisberg,UZ Leuven Gasthuisberg,28.0,regular,
brussels.anderlecht__wavre.wavre_nord,brussels,brussels.anderlecht,Anderlecht,wavre,wavre.wavre_nord,Wavre-Nord business park,29.4,regular,
brussels.anderlecht__aalst.olv_hospital,brussels,brussels.anderlecht,Anderlecht,aalst,aalst.olv_hospital,OLV hospital (AZORG),30.9,regular,
brussels.anderlecht__leuven.haasrode,brussels,brussels.anderlecht,Anderlecht,leuven,leuven.haasrode,Haasrode research park,32.0,regular,
brussels.anderlecht__mechelen.mechelen_noord,brussels,brussels.anderlecht,Anderlecht,mechelen,mechelen.mechelen_noord,Mechelen-Noord business area,36.8,regular,
brussels.anderlecht__mechelen.az_sint_maarten,brussels,brussels.anderlecht,Anderlecht,mechelen,mechelen.az_sint_maarten,AZ Sint-Maarten hospital,38.9,regular,
brussels.anderlecht__sint_niklaas.europark_zuid,brussels,brussels.anderlecht,Anderlecht,sint_niklaas,sint_niklaas.europark_zuid,Europark-Zuid,47.4,regular,
brussels.anderlecht__antwerp.berchem_offices,brussels,brussels.anderlecht,Anderlecht,antwerp,antwerp.berchem_offices,Berchem office district,54.1,regular,
brussels.anderlecht__charleroi.aeropole,brussels,brussels.anderlecht,Anderlecht,charleroi,charleroi.aeropole,Aéropole,54.6,regular,
brussels.anderlecht__antwerp.kievit_offices,brussels,brussels.anderlecht,Anderlecht,antwerp,antwerp.kievit_offices,Kievit office district,54.8,regular,
brussels.anderlecht__ghent.zwijnaarde,brussels,brussels.anderlecht,Anderlecht,ghent,ghent.zwijnaarde,Technologiepark Zwijnaarde,57.1,regular,
brussels.bruxelles__aalst.erembodegem,brussels,brussels.bruxelles,Bruxelles,aalst,aalst.erembodegem,Erembodegem business area,25.4,regular,
brussels.bruxelles__halle.lembeek,brussels,brussels.bruxelles,Bruxelles,halle,halle.lembeek,Lembeek industrial area,26.5,regular,
brussels.bruxelles__aalst.olv_hospital,brussels,brussels.bruxelles,Bruxelles,aalst,aalst.olv_hospital,OLV hospital (AZORG),28.4,regular,
brussels.bruxelles__leuven.gasthuisberg,brussels,brussels.bruxelles,Bruxelles,leuven,leuven.gasthuisberg,UZ Leuven Gasthuisberg,29.1,regular,
brussels.bruxelles__leuven.haasrode,brussels,brussels.bruxelles,Bruxelles,leuven,leuven.haasrode,Haasrode research park,33.1,regular,
brussels.bruxelles__mechelen.mechelen_noord,brussels,brussels.bruxelles,Bruxelles,mechelen,mechelen.mechelen_noord,Mechelen-Noord business area,33.6,regular,
brussels.bruxelles__mechelen.az_sint_maarten,brussels,brussels.bruxelles,Bruxelles,mechelen,mechelen.az_sint_maarten,AZ Sint-Maarten hospital,35.7,regular,
brussels.bruxelles__wavre.wavre_nord,brussels,brussels.bruxelles,Bruxelles,wavre,wavre.wavre_nord,Wavre-Nord business park,36.9,regular,
brussels.bruxelles__antwerp.berchem_offices,brussels,brussels.bruxelles,Bruxelles,antwerp,antwerp.berchem_offices,Berchem office district,41.9,regular,
brussels.bruxelles__antwerp.kievit_offices,brussels,brussels.bruxelles,Bruxelles,antwerp,antwerp.kievit_offices,Kievit office district,44.3,regular,
brussels.bruxelles__ghent.zwijnaarde,brussels,brussels.bruxelles,Bruxelles,ghent,ghent.zwijnaarde,Technologiepark Zwijnaarde,54.6,regular,
brussels.bruxelles__charleroi.aeropole,brussels,brussels.bruxelles,Bruxelles,charleroi,charleroi.aeropole,Aéropole,60.7,regular,
brussels.ixelles__halle.lembeek,brussels,brussels.ixelles,Ixelles,halle,halle.lembeek,Lembeek industrial area,21.1,regular,
brussels.ixelles__wavre.wavre_nord,brussels,brussels.ixelles,Ixelles,wavre,wavre.wavre_nord,Wavre-Nord business park,22.5,regular,
brussels.ixelles__leuven.gasthuisberg,brussels,brussels.ixelles,Ixelles,leuven,leuven.gasthuisberg,UZ Leuven Gasthuisberg,26.1,regular,
brussels.ixelles__leuven.haasrode,brussels,brussels.ixelles,Ixelles,leuven,leuven.haasrode,Haasrode research park,30.1,regular,
brussels.ixelles__aalst.erembodegem,brussels,brussels.ixelles,Ixelles,aalst,aalst.erembodegem,Erembodegem business area,32.9,regular,
brussels.ixelles__mechelen.mechelen_noord,brussels,brussels.ixelles,Ixelles,mechelen,mechelen.mechelen_noord,Mechelen-Noord business area,34.9,regular,
brussels.ixelles__aalst.olv_hospital,brussels,brussels.ixelles,Ixelles,aalst,aalst.olv_hospital,OLV hospital (AZORG),35.9,regular,
brussels.ixelles__mechelen.az_sint_maarten,brussels,brussels.ixelles,Ixelles,mechelen,mechelen.az_sint_maarten,AZ Sint-Maarten hospital,37.0,regular,
brussels.ixelles__charleroi.aeropole,brussels,brussels.ixelles,Ixelles,charleroi,charleroi.aeropole,Aéropole,47.3,regular,
brussels.ixelles__antwerp.berchem_offices,brussels,brussels.ixelles,Ixelles,antwerp,antwerp.berchem_offices,Berchem office district,52.1,regular,
brussels.ixelles__antwerp.kievit_offices,brussels,brussels.ixelles,Ixelles,antwerp,antwerp.kievit_offices,Kievit office district,52.9,regular,
brussels.ixelles__charleroi.centre,brussels,brussels.ixelles,Ixelles,charleroi,charleroi.centre,Charleroi-Central office area,65.4,regular,
brussels.molenbeek_saint_jean__aalst.erembodegem,brussels,brussels.molenbeek_saint_jean,Molenbeek-Saint-Jean,aalst,aalst.erembodegem,Erembodegem business area,22.9,regular,
brussels.molenbeek_saint_jean__halle.lembeek,brussels,brussels.molenbeek_saint_jean,Molenbeek-Saint-Jean,halle,halle.lembeek,Lembeek industrial area,23.0,regular,
brussels.molenbeek_saint_jean__aalst.olv_hospital,brussels,brussels.molenbeek_saint_jean,Molenbeek-Saint-Jean,aalst,aalst.olv_hospital,OLV hospital (AZORG),25.9,regular,
brussels.molenbeek_saint_jean__leuven.gasthuisberg,brussels,brussels.molenbeek_saint_jean,Molenbeek-Saint-Jean,leuven,leuven.gasthuisberg,UZ Leuven Gasthuisberg,30.9,regular,
brussels.molenbeek_saint_jean__leuven.haasrode,brussels,brussels.molenbeek_saint_jean,Molenbeek-Saint-Jean,leuven,leuven.haasrode,Haasrode research park,34.9,regular,
brussels.molenbeek_saint_jean__mechelen.mechelen_noord,brussels,brussels.molenbeek_saint_jean,Molenbeek-Saint-Jean,mechelen,mechelen.mechelen_noord,Mechelen-Noord business area,37.3,regular,
brussels.molenbeek_saint_jean__wavre.wavre_nord,brussels,brussels.molenbeek_saint_jean,Molenbeek-Saint-Jean,wavre,wavre.wavre_nord,Wavre-Nord business park,38.6,regular,
brussels.molenbeek_saint_jean__mechelen.az_sint_maarten,brussels,brussels.molenbeek_saint_jean,Molenbeek-Saint-Jean,mechelen,mechelen.az_sint_maarten,AZ Sint-Maarten hospital,39.5,regular,
brussels.molenbeek_saint_jean__antwerp.berchem_offices,brussels,brussels.molenbeek_saint_jean,Molenbeek-Saint-Jean,antwerp,antwerp.berchem_offices,Berchem office district,46.3,regular,
brussels.molenbeek_saint_jean__antwerp.kievit_offices,brussels,brussels.molenbeek_saint_jean,Molenbeek-Saint-Jean,antwerp,antwerp.kievit_offices,Kievit office district,48.7,regular,
brussels.molenbeek_saint_jean__ghent.zwijnaarde,brussels,brussels.molenbeek_saint_jean,Molenbeek-Saint-Jean,ghent,ghent.zwijnaarde,Technologiepark Zwijnaarde,52.1,regular,
brussels.molenbeek_saint_jean__charleroi.aeropole,brussels,brussels.molenbeek_saint_jean,Molenbeek-Saint-Jean,charleroi,charleroi.aeropole,Aéropole,57.2,regular,
brussels.schaerbeek__leuven.gasthuisberg,brussels,brussels.schaerbeek,Schaerbeek,leuven,leuven.gasthuisberg,UZ Leuven Gasthuisberg,24.8,regular,
brussels.schaerbeek__mechelen.mechelen_noord,brussels,brussels.schaerbeek,Schaerbeek,mechelen,mechelen.mechelen_noord,Mechelen-Noord business area,27.9,regular,
brussels.schaerbeek__leuven.haasrode,brussels,brussels.schaerbeek,Schaerbeek,leuven,leuven.haasrode,Haasrode research park,28.8,regular,
brussels.schaerbeek__mechelen.az_sint_maarten,brussels,brussels.schaerbeek,Schaerbeek,mechelen,mechelen.az_sint_maarten,AZ Sint-Maarten hospital,30.1,regular,
brussels.schaerbeek__wavre.wavre_nord,brussels,brussels.schaerbeek,Schaerbeek,wavre,wavre.wavre_nord,Wavre-Nord business park,32.5,regular,
brussels.schaerbeek__aalst.erembodegem,brussels,brussels.schaerbeek,Schaerbeek,aalst,aalst.erembodegem,Erembodegem business area,34.0,regular,
brussels.schaerbeek__aalst.olv_hospital,brussels,brussels.schaerbeek,Schaerbeek,aalst,aalst.olv_hospital,OLV hospital (AZORG),37.0,regular,
brussels.schaerbeek__halle.lembeek,brussels,brussels.schaerbeek,Schaerbeek,halle,halle.lembeek,Lembeek industrial area,38.1,regular,
brussels.schaerbeek__antwerp.berchem_offices,brussels,brussels.schaerbeek,Schaerbeek,antwerp,antwerp.berchem_offices,Berchem office district,45.2,regular,
brussels.schaerbeek__antwerp.kievit_offices,brussels,brussels.schaerbeek,Schaerbeek,antwerp,antwerp.kievit_offices,Kievit office district,45.9,regular,
brussels.schaerbeek__charleroi.aeropole,brussels,brussels.schaerbeek,Schaerbeek,charleroi,charleroi.aeropole,Aéropole,57.4,regular,
brussels.schaerbeek__ghent.zwijnaarde,brussels,brussels.schaerbeek,Schaerbeek,ghent,ghent.zwijnaarde,Technologiepark Zwijnaarde,63.2,regular,
charleroi.gilly__namur.ecolys,charleroi,charleroi.gilly,Gilly,namur,namur.ecolys,Ecolys business park,27.4,regular,
charleroi.gilly__namur.centre,charleroi,charleroi.gilly,Gilly,namur,namur.centre,Namur station administrative area,31.9,regular,
charleroi.gilly__halle.lembeek,charleroi,charleroi.gilly,Gilly,halle,halle.lembeek,Lembeek industrial area,49.8,regular,
charleroi.gilly__mons.initialis,charleroi,charleroi.gilly,Gilly,mons,mons.initialis,Initialis business park,50.4,regular,
charleroi.gilly__mons.ghlin_baudour,charleroi,charleroi.gilly,Gilly,mons,mons.ghlin_baudour,Ghlin-Baudour industrial area,51.1,regular,
charleroi.gilly__wavre.wavre_nord,charleroi,charleroi.gilly,Gilly,wavre,wavre.wavre_nord,Wavre-Nord business park,52.9,regular,
charleroi.gilly__brussels.erasme,charleroi,charleroi.gilly,Gilly,brussels,brussels.erasme,Erasme business and hospital area,58.6,regular,
charleroi.gilly__brussels.midi,charleroi,charleroi.gilly,Gilly,brussels,brussels.midi,Midi office area,59.2,regular,
charleroi.gilly__brussels.central_station,charleroi,charleroi.gilly,Gilly,brussels,brussels.central_station,Central Station office area,61.2,regular,
charleroi.gilly__brussels.european_quarter,charleroi,charleroi.gilly,Gilly,brussels,brussels.european_quarter,European Quarter,64.1,regular,
charleroi.gilly__brussels.north_quarter,charleroi,charleroi.gilly,Gilly,brussels,brussels.north_quarter,North Quarter,66.4,regular,
charleroi.gilly__leuven.haasrode,charleroi,charleroi.gilly,Gilly,leuven,leuven.haasrode,Haasrode research park,67.4,regular,
charleroi.gilly__leuven.gasthuisberg,charleroi,charleroi.gilly,Gilly,leuven,leuven.gasthuisberg,UZ Leuven Gasthuisberg,81.3,regular,
charleroi.gilly__liege.guillemins,charleroi,charleroi.gilly,Gilly,liege,liege.guillemins,Guillemins office area,87.6,regular,
charleroi.gilly__liege.sart_tilman,charleroi,charleroi.gilly,Gilly,liege,liege.sart_tilman,Sart-Tilman university and hospital,91.9,regular,
charleroi.jumet__namur.ecolys,charleroi,charleroi.jumet,Jumet,namur,namur.ecolys,Ecolys business park,33.7,regular,
charleroi.jumet__namur.centre,charleroi,charleroi.jumet,Jumet,namur,namur.centre,Namur station administrative area,38.2,regular,
charleroi.jumet__halle.lembeek,charleroi,charleroi.jumet,Jumet,halle,halle.lembeek,Lembeek industrial area,46.2,regular,
charleroi.jumet__mons.initialis,charleroi,charleroi.jumet,Jumet,mons,mons.initialis,Initialis business park,46.8,regular,
charleroi.jumet__mons.ghlin_baudour,charleroi,charleroi.jumet,Jumet,mons,mons.ghlin_baudour,Ghlin-Baudour industrial area,47.5,regular,
charleroi.jumet__wavre.wavre_nord,charleroi,charleroi.jumet,Jumet,wavre,wavre.wavre_nord,Wavre-Nord business park,49.7,regular,
charleroi.jumet__brussels.erasme,charleroi,charleroi.jumet,Jumet,brussels,brussels.erasme,Erasme business and hospital area,55.1,regular,
charleroi.jumet__brussels.midi,charleroi,charleroi.jumet,Jumet,brussels,brussels.midi,Midi office area,55.6,regular,
charleroi.jumet__brussels.central_station,charleroi,charleroi.jumet,Jumet,brussels,brussels.central_station,Central Station office area,57.6,regular,
charleroi.jumet__brussels.european_quarter,charleroi,charleroi.jumet,Jumet,brussels,brussels.european_quarter,European Quarter,60.5,regular,
charleroi.jumet__brussels.north_quarter,charleroi,charleroi.jumet,Jumet,brussels,brussels.north_quarter,North Quarter,62.8,regular,
charleroi.jumet__leuven.haasrode,charleroi,charleroi.jumet,Jumet,leuven,leuven.haasrode,Haasrode research park,64.2,regular,
charleroi.jumet__leuven.gasthuisberg,charleroi,charleroi.jumet,Jumet,leuven,leuven.gasthuisberg,UZ Leuven Gasthuisberg,77.8,regular,
charleroi.jumet__ghent.the_loop,charleroi,charleroi.jumet,Jumet,ghent,ghent.the_loop,The Loop,107.6,regular,
charleroi.jumet__ghent.zwijnaarde,charleroi,charleroi.jumet,Jumet,ghent,ghent.zwijnaarde,Technologiepark Zwijnaarde,107.9,regular,
charleroi.le_faubourg__namur.ecolys,charleroi,charleroi.le_faubourg,Le Faubourg,namur,namur.ecolys,Ecolys business park,29.5,regular,
charleroi.le_faubourg__namur.centre,charleroi,charleroi.le_faubourg,Le Faubourg,namur,namur.centre,Namur station administrative area,34.0,regular,
charleroi.le_faubourg__halle.lembeek,charleroi,charleroi.le_faubourg,Le Faubourg,halle,halle.lembeek,Lembeek industrial area,47.6,regular,
charleroi.le_faubourg__mons.initialis,charleroi,charleroi.le_faubourg,Le Faubourg,mons,mons.initialis,Initialis business park,48.1,regular,
charleroi.le_faubourg__mons.ghlin_baudour,charleroi,charleroi.le_faubourg,Le Faubourg,mons,mons.ghlin_baudour,Ghlin-Baudour industrial area,48.9,regular,
charleroi.le_faubourg__brussels.erasme,charleroi,charleroi.le_faubourg,Le Faubourg,brussels,brussels.erasme,Erasme business and hospital area,56.4,regular,
charleroi.le_faubourg__brussels.midi,charleroi,charleroi.le_faubourg,Le Faubourg,brussels,brussels.midi,Midi office area,57.0,regular,
charleroi.le_faubourg__brussels.central_station,charleroi,charleroi.le_faubourg,Le Faubourg,brussels,brussels.central_station,Central Station office area,59.0,regular,
charleroi.le_faubourg__wavre.wavre_nord,charleroi,charleroi.le_faubourg,Le Faubourg,wavre,wavre.wavre_nord,Wavre-Nord business park,59.3,regular,
charleroi.le_faubourg__brussels.european_quarter,charleroi,charleroi.le_faubourg,Le Faubourg,brussels,brussels.european_quarter,European Quarter,61.9,regular,
charleroi.le_faubourg__brussels.north_quarter,charleroi,charleroi.le_faubourg,Le Faubourg,brussels,brussels.north_quarter,North Quarter,64.2,regular,
charleroi.le_faubourg__leuven.haasrode,charleroi,charleroi.le_faubourg,Le Faubourg,leuven,leuven.haasrode,Haasrode research park,73.8,regular,
charleroi.le_faubourg__leuven.gasthuisberg,charleroi,charleroi.le_faubourg,Le Faubourg,leuven,leuven.gasthuisberg,UZ Leuven Gasthuisberg,79.1,regular,
charleroi.le_faubourg__liege.guillemins,charleroi,charleroi.le_faubourg,Le Faubourg,liege,liege.guillemins,Guillemins office area,89.7,regular,
charleroi.le_faubourg__liege.sart_tilman,charleroi,charleroi.le_faubourg,Le Faubourg,liege,liege.sart_tilman,Sart-Tilman university and hospital,94.0,regular,
charleroi.marcinelle__namur.ecolys,charleroi,charleroi.marcinelle,Marcinelle,namur,namur.ecolys,Ecolys business park,35.3,regular,
charleroi.marcinelle__namur.centre,charleroi,charleroi.marcinelle,Marcinelle,namur,namur.centre,Namur station administrative area,39.8,regular,
charleroi.marcinelle__halle.lembeek,charleroi,charleroi.marcinelle,Marcinelle,halle,halle.lembeek,Lembeek industrial area,51.5,regular,
charleroi.marcinelle__mons.initialis,charleroi,charleroi.marcinelle,Marcinelle,mons,mons.initialis,Initialis business park,51.9,regular,
charleroi.marcinelle__mons.ghlin_baudour,charleroi,charleroi.marcinelle,Marcinelle,mons,mons.ghlin_baudour,Ghlin-Baudour industrial area,52.6,regular,
charleroi.marcinelle__brussels.erasme,charleroi,charleroi.marcinelle,Marcinelle,brussels,brussels.erasme,Erasme business and hospital area,60.3,regular,
charleroi.marcinelle__brussels.midi,charleroi,charleroi.marcinelle,Marcinelle,brussels,brussels.midi,Midi office area,60.8,regular,
charleroi.marcinelle__brussels.central_station,charleroi,charleroi.marcinelle,Marcinelle,brussels,brussels.central_station,Central Station office area,62.8,regular,
charleroi.marcinelle__wavre.wavre_nord,charleroi,charleroi.marcinelle,Marcinelle,wavre,wavre.wavre_nord,Wavre-Nord business park,63.2,regular,
charleroi.marcinelle__brussels.european_quarter,charleroi,charleroi.marcinelle,Marcinelle,brussels,brussels.european_quarter,European Quarter,65.7,regular,
charleroi.marcinelle__brussels.north_quarter,charleroi,charleroi.marcinelle,Marcinelle,brussels,brussels.north_quarter,North Quarter,68.0,regular,
charleroi.marcinelle__leuven.haasrode,charleroi,charleroi.marcinelle,Marcinelle,leuven,leuven.haasrode,Haasrode research park,77.7,regular,
charleroi.marcinelle__leuven.gasthuisberg,charleroi,charleroi.marcinelle,Marcinelle,leuven,leuven.gasthuisberg,UZ Leuven Gasthuisberg,83.0,regular,
charleroi.marcinelle__liege.guillemins,charleroi,charleroi.marcinelle,Marcinelle,liege,liege.guillemins,Guillemins office area,95.5,regular,
charleroi.marcinelle__liege.sart_tilman,charleroi,charleroi.marcinelle,Marcinelle,liege,liege.sart_tilman,Sart-Tilman university and hospital,99.8,regular,
diepenbeek.diepenbeek_centrum__maasmechelen.oude_bunders,diepenbeek,diepenbeek.diepenbeek_centrum,Diepenbeek-Centrum,maasmechelen,maasmechelen.oude_bunders,Oude Bunders industrial area,26.7,regular,
diepenbeek.diepenbeek_centrum__beringen.industrieweg,diepenbeek,diepenbeek.diepenbeek_centrum,Diepenbeek-Centrum,beringen,beringen.industrieweg,Beringen industrial area,28.6,regular,
diepenbeek.diepenbeek_centrum__maaseik.jagersborg,diepenbeek,diepenbeek.diepenbeek_centrum,Diepenbeek-Centrum,maaseik,maaseik.jagersborg,Jagersborg business area,36.1,regular,
diepenbeek.diepenbeek_centrum__liege.guillemins,diepenbeek,diepenbeek.diepenbeek_centrum,Diepenbeek-Centrum,liege,liege.guillemins,Guillemins office area,39.5,regular,
diepenbeek.diepenbeek_centrum__kinrooi.agropolis,diepenbeek,diepenbeek.diepenbeek_centrum,Diepenbeek-Centrum,kinrooi,kinrooi.agropolis,Agropolis,45.2,regular,
diepenbeek.diepenbeek_centrum__hamont_achel.hamont_industrial,diepenbeek,diepenbeek.diepenbeek_centrum,Diepenbeek-Centrum,hamont_achel,hamont_achel.hamont_industrial,Hamont industrial area,49.9,regular,
diepenbeek.diepenbeek_centrum__mol.berkebossen,diepenbeek,diepenbeek.diepenbeek_centrum,Diepenbeek-Centrum,mol,mol.berkebossen,Berkebossen business area,51.7,regular,
diepenbeek.diepenbeek_centrum__lommel.kristalpark,diepenbeek,diepenbeek.diepenbeek_centrum,Diepenbeek-Centrum,lommel,lommel.kristalpark,Kristalpark,53.0,regular,
diepenbeek.diepenbeek_centrum__liege.sart_tilman,diepenbeek,diepenbeek.diepenbeek_centrum,Diepenbeek-Centrum,liege,liege.sart_tilman,Sart-Tilman university and hospital,54.3,regular,
diepenbeek.diepenbeek_centrum__leuven.gasthuisberg,diepenbeek,diepenbeek.diepenbeek_centrum,Diepenbeek-Centrum,leuven,leuven.gasthuisberg,UZ Leuven Gasthuisberg,67.4,regular,
diepenbeek.diepenbeek_centrum__leuven.haasrode,diepenbeek,diepenbeek.diepenbeek_centrum,Diepenbeek-Centrum,leuven,leuven.haasrode,Haasrode research park,77.9,regular,
diepenbeek.diepenbeek_centrum__brussels.european_quarter,diepenbeek,diepenbeek.diepenbeek_centrum,Diepenbeek-Centrum,brussels,brussels.european_quarter,European Quarter,88.2,regular,
diepenbeek.diepenbeek_centrum__brussels.central_station,diepenbeek,diepenbeek.diepenbeek_centrum,Diepenbeek-Centrum,brussels,brussels.central_station,Central Station office area,90.4,regular,
diepenbeek.diepenbeek_centrum__brussels.north_quarter,diepenbeek,diepenbeek.diepenbeek_centrum,Diepenbeek-Centrum,brussels,brussels.north_quarter,North Quarter,91.4,regular,
diepenbeek.diepenbeek_centrum__brussels.midi,diepenbeek,diepenbeek.diepenbeek_centrum,Diepenbeek-Centrum,brussels,brussels.midi,Midi office area,92.7,regular,
diepenbeek.diepenbeek_centrum__namur.centre,diepenbeek,diepenbeek.diepenbeek_centrum,Diepenbeek-Centrum,namur,namur.centre,Namur station administrative area,93.9,regular,
diepenbeek.diepenbeek_centrum__brussels.erasme,diepenbeek,diepenbeek.diepenbeek_centrum,Diepenbeek-Centrum,brussels,brussels.erasme,Erasme business and hospital area,108.2,regular,
diepenbeek.dorpheide__maasmechelen.oude_bunders,diepenbeek,diepenbeek.dorpheide,Dorpheide,maasmechelen,maasmechelen.oude_bunders,Oude Bunders industrial area,25.4,regular,
diepenbeek.dorpheide__beringen.industrieweg,diepenbeek,diepenbeek.dorpheide,Dorpheide,beringen,beringen.industrieweg,Beringen industrial area,32.5,regular,
diepenbeek.dorpheide__maaseik.jagersborg,diepenbeek,diepenbeek.dorpheide,Dorpheide,maaseik,maaseik.jagersborg,Jagersborg business area,34.9,regular,
diepenbeek.dorpheide__liege.guillemins,diepenbeek,diepenbeek.dorpheide,Dorpheide,liege,liege.guillemins,Guillemins office area,43.4,regular,
diepenbeek.dorpheide__kinrooi.agropolis,diepenbeek,diepenbeek.dorpheide,Dorpheide,kinrooi,kinrooi.agropolis,Agropolis,44.0,regular,
diepenbeek.dorpheide__hamont_achel.hamont_industrial,diepenbeek,diepenbeek.dorpheide,Dorpheide,hamont_achel,hamont_achel.hamont_industrial,Hamont industrial area,50.5,regular,
diepenbeek.dorpheide__lommel.kristalpark,diepenbeek,diepenbeek.dorpheide,Dorpheide,lommel,lommel.kristalpark,Kristalpark,53.7,regular,
diepenbeek.dorpheide__mol.berkebossen,diepenbeek,diepenbeek.dorpheide,Dorpheide,mol,mol.berkebossen,Berkebossen business area,55.5,regular,
diepenbeek.dorpheide__liege.sart_tilman,diepenbeek,diepenbeek.dorpheide,Dorpheide,liege,liege.sart_tilman,Sart-Tilman university and hospital,58.2,regular,
diepenbeek.dorpheide__leuven.gasthuisberg,diepenbeek,diepenbeek.dorpheide,Dorpheide,leuven,leuven.gasthuisberg,UZ Leuven Gasthuisberg,71.2,regular,
diepenbeek.dorpheide__leuven.haasrode,diepenbeek,diepenbeek.dorpheide,Dorpheide,leuven,leuven.haasrode,Haasrode research park,81.7,regular,
diepenbeek.dorpheide__brussels.european_quarter,diepenbeek,diepenbeek.dorpheide,Dorpheide,brussels,brussels.european_quarter,European Quarter,92.1,regular,
diepenbeek.dorpheide__brussels.central_station,diepenbeek,diepenbeek.dorpheide,Dorpheide,brussels,brussels.central_station,Central Station office area,94.2,regular,
diepenbeek.dorpheide__brussels.north_quarter,diepenbeek,diepenbeek.dorpheide,Dorpheide,brussels,brussels.north_quarter,North Quarter,95.3,regular,
diepenbeek.dorpheide__brussels.midi,diepenbeek,diepenbeek.dorpheide,Dorpheide,brussels,brussels.midi,Midi office area,96.5,regular,
diepenbeek.dorpheide__namur.centre,diepenbeek,diepenbeek.dorpheide,Dorpheide,namur,namur.centre,Namur station administrative area,97.8,regular,
diepenbeek.dorpheide__brussels.erasme,diepenbeek,diepenbeek.dorpheide,Dorpheide,brussels,brussels.erasme,Erasme business and hospital area,112.0,regular,
geel.elsum__beringen.industrieweg,geel,geel.elsum,Elsum,beringen,beringen.industrieweg,Beringen industrial area,25.9,regular,
geel.elsum__lommel.kristalpark,geel,geel.elsum,Elsum,lommel,lommel.kristalpark,Kristalpark,26.4,regular,
geel.elsum__antwerp.berchem_offices,geel,geel.elsum,Elsum,antwerp,antwerp.berchem_offices,Berchem office district,43.4,regular,
geel.elsum__antwerp.kievit_offices,geel,geel.elsum,Elsum,antwerp,antwerp.kievit_offices,Kievit office district,43.9,regular,
geel.elsum__hasselt.jessa,geel,geel.elsum,Elsum,hasselt,hasselt.jessa,Jessa hospital,45.4,regular,
geel.elsum__hasselt.corda_campus,geel,geel.elsum,Elsum,hasselt,hasselt.corda_campus,Corda Campus,45.9,regular,
geel.elsum__leuven.gasthuisberg,geel,geel.elsum,Elsum,leuven,leuven.gasthuisberg,UZ Leuven Gasthuisberg,46.7,regular,
geel.elsum__genk.thor_park,geel,geel.elsum,Elsum,genk,genk.thor_park,Thor Park,55.8,regular,
geel.elsum__leuven.haasrode,geel,geel.elsum,Elsum,leuven,leuven.haasrode,Haasrode research park,57.2,regular,
geel.elsum__genk.genk_zuid,geel,geel.elsum,Elsum,genk,genk.genk_zuid,Genk-Zuid industrial area,57.5,regular,
geel.elsum__mechelen.mechelen_noord,geel,geel.elsum,Elsum,mechelen,mechelen.mechelen_noord,Mechelen-Noord business area,63.6,regular,
geel.elsum__mechelen.az_sint_maarten,geel,geel.elsum,Elsum,mechelen,mechelen.az_sint_maarten,AZ Sint-Maarten hospital,64.9,regular,
geel.ten_aard__lommel.kristalpark,geel,geel.ten_aard,Ten Aard,lommel,lommel.kristalpark,Kristalpark,26.2,regular,
geel.ten_aard__beringen.industrieweg,geel,geel.ten_aard,Ten Aard,beringen,beringen.industrieweg,Beringen industrial area,31.5,regular,
geel.ten_aard__hamont_achel.hamont_industrial,geel,geel.ten_aard,Ten Aard,hamont_achel,hamont_achel.hamont_industrial,Hamont industrial area,44.4,regular,
geel.ten_aard__antwerp.berchem_offices,geel,geel.ten_aard,Ten Aard,antwerp,antwerp.berchem_offices,Berchem office district,49.0,regular,
geel.ten_aard__antwerp.kievit_offices,geel,geel.ten_aard,Ten Aard,antwerp,antwerp.kievit_offices,Kievit office district,49.5,regular,
geel.ten_aard__hasselt.jessa,geel,geel.ten_aard,Ten Aard,hasselt,hasselt.jessa,Jessa hospital,51.1,regular,
geel.ten_aard__hasselt.corda_campus,geel,geel.ten_aard,Ten Aard,hasselt,hasselt.corda_campus,Corda Campus,51.6,regular,
geel.ten_aard__leuven.gasthuisberg,geel,geel.ten_aard,Ten Aard,leuven,leuven.gasthuisberg,UZ Leuven Gasthuisberg,52.3,regular,
geel.ten_aard__leuven.haasrode,geel,geel.ten_aard,Ten Aard,leuven,leuven.haasrode,Haasrode research park,62.8,regular,
geel.ten_aard__genk.genk_zuid,geel,geel.ten_aard,Ten Aard,genk,genk.genk_zuid,Genk-Zuid industrial area,63.1,regular,
geel.ten_aard__mechelen.mechelen_noord,geel,geel.ten_aard,Ten Aard,mechelen,mechelen.mechelen_noord,Mechelen-Noord business area,69.3,regular,
geel.ten_aard__mechelen.az_sint_maarten,geel,geel.ten_aard,Ten Aard,mechelen,mechelen.az_sint_maarten,AZ Sint-Maarten hospital,70.5,regular,
genk.boxbergheide__maasmechelen.oude_bunders,genk,genk.boxbergheide,Boxbergheide,maasmechelen,maasmechelen.oude_bunders,Oude Bunders industrial area,21.1,regular,
genk.boxbergheide__beringen.industrieweg,genk,genk.boxbergheide,Boxbergheide,beringen,beringen.industrieweg,Beringen industrial area,30.5,regular,
genk.boxbergheide__maaseik.jagersborg,genk,genk.boxbergheide,Boxbergheide,maaseik,maaseik.jagersborg,Jagersborg business area,30.6,regular,
genk.boxbergheide__kinrooi.agropolis,genk,genk.boxbergheide,Boxbergheide,kinrooi,kinrooi.agropolis,Agropolis,39.7,regular,
genk.boxbergheide__hamont_achel.hamont_industrial,genk,genk.boxbergheide,Boxbergheide,hamont_achel,hamont_achel.hamont_industrial,Hamont industrial area,45.7,regular,
genk.boxbergheide__lommel.kristalpark,genk,genk.boxbergheide,Boxbergheide,lommel,lommel.kristalpark,Kristalpark,48.9,regular,
genk.boxbergheide__geel.kievermont,genk,genk.boxbergheide,Boxbergheide,geel,geel.kievermont,Kievermont business area,51.2,regular,
genk.boxbergheide__liege.guillemins,genk,genk.boxbergheide,Boxbergheide,liege,liege.guillemins,Guillemins office area,51.5,regular,
genk.boxbergheide__mol.berkebossen,genk,genk.boxbergheide,Boxbergheide,mol,mol.berkebossen,Berkebossen business area,54.2,regular,
genk.boxbergheide__liege.sart_tilman,genk,genk.boxbergheide,Boxbergheide,liege,liege.sart_tilman,Sart-Tilman university and hospital,66.3,regular,
genk.boxbergheide__leuven.gasthuisberg,genk,genk.boxbergheide,Boxbergheide,leuven,leuven.gasthuisberg,UZ Leuven Gasthuisberg,69.1,regular,
genk.boxbergheide__leuven.haasrode,genk,genk.boxbergheide,Boxbergheide,leuven,leuven.haasrode,Haasrode research park,79.6,regular,
genk.boxbergheide__brussels.european_quarter,genk,genk.boxbergheide,Boxbergheide,brussels,brussels.european_quarter,European Quarter,90.0,regular,
genk.boxbergheide__brussels.central_station,genk,genk.boxbergheide,Boxbergheide,brussels,brussels.central_station,Central Station office area,92.1,regular,
genk.boxbergheide__brussels.north_quarter,genk,genk.boxbergheide,Boxbergheide,brussels,brussels.north_quarter,North Quarter,93.1,regular,
genk.boxbergheide__brussels.midi,genk,genk.boxbergheide,Boxbergheide,brussels,brussels.midi,Midi office area,94.4,regular,
genk.boxbergheide__brussels.erasme,genk,genk.boxbergheide,Boxbergheide,brussels,brussels.erasme,Erasme business and hospital area,109.9,regular,
genk.genk_centrum_noord__maaseik.jagersborg,genk,genk.genk_centrum_noord,Genk-Centrum - Noord,maaseik,maaseik.jagersborg,Jagersborg business area,28.2,regular,
genk.genk_centrum_noord__beringen.industrieweg,genk,genk.genk_centrum_noord,Genk-Centrum - Noord,beringen,beringen.industrieweg,Beringen industrial area,30.3,regular,
genk.genk_centrum_noord__hamont_achel.hamont_industrial,genk,genk.genk_centrum_noord,Genk-Centrum - Noord,hamont_achel,hamont_achel.hamont_industrial,Hamont industrial area,36.2,regular,
genk.genk_centrum_noord__kinrooi.agropolis,genk,genk.genk_centrum_noord,Genk-Centrum - Noord,kinrooi,kinrooi.agropolis,Agropolis,37.3,regular,
genk.genk_centrum_noord__lommel.kristalpark,genk,genk.genk_centrum_noord,Genk-Centrum - Noord,lommel,lommel.kristalpark,Kristalpark,48.7,regular,
genk.genk_centrum_noord__liege.guillemins,genk,genk.genk_centrum_noord,Genk-Centrum - Noord,liege,liege.guillemins,Guillemins office area,49.6,regular,
genk.genk_centrum_noord__geel.kievermont,genk,genk.genk_centrum_noord,Genk-Centrum - Noord,geel,geel.kievermont,Kievermont business area,51.1,regular,
genk.genk_centrum_noord__mol.berkebossen,genk,genk.genk_centrum_noord,Genk-Centrum - Noord,mol,mol.berkebossen,Berkebossen business area,54.1,regular,
genk.genk_centrum_noord__liege.sart_tilman,genk,genk.genk_centrum_noord,Genk-Centrum - Noord,liege,liege.sart_tilman,Sart-Tilman university and hospital,64.4,regular,
genk.genk_centrum_noord__leuven.gasthuisberg,genk,genk.genk_centrum_noord,Genk-Centrum - Noord,leuven,leuven.gasthuisberg,UZ Leuven Gasthuisberg,69.0,regular,
genk.genk_centrum_noord__leuven.haasrode,genk,genk.genk_centrum_noord,Genk-Centrum - Noord,leuven,leuven.haasrode,Haasrode research park,79.5,regular,
genk.genk_centrum_noord__brussels.european_quarter,genk,genk.genk_centrum_noord,Genk-Centrum - Noord,brussels,brussels.european_quarter,European Quarter,89.8,regular,
genk.genk_centrum_noord__brussels.central_station,genk,genk.genk_centrum_noord,Genk-Centrum - Noord,brussels,brussels.central_station,Central Station office area,92.0,regular,
genk.genk_centrum_noord__brussels.north_quarter,genk,genk.genk_centrum_noord,Genk-Centrum - Noord,brussels,brussels.north_quarter,North Quarter,93.0,regular,
genk.genk_centrum_noord__brussels.midi,genk,genk.genk_centrum_noord,Genk-Centrum - Noord,brussels,brussels.midi,Midi office area,94.3,regular,
genk.genk_centrum_noord__namur.centre,genk,genk.genk_centrum_noord,Genk-Centrum - Noord,namur,namur.centre,Namur station administrative area,104.0,regular,
genk.genk_centrum_noord__brussels.erasme,genk,genk.genk_centrum_noord,Genk-Centrum - Noord,brussels,brussels.erasme,Erasme business and hospital area,109.8,regular,
genk.waterschei_zwartberg__maaseik.jagersborg,genk,genk.waterschei_zwartberg,Waterschei - Zwartberg,maaseik,maaseik.jagersborg,Jagersborg business area,23.2,regular,
genk.waterschei_zwartberg__beringen.industrieweg,genk,genk.waterschei_zwartberg,Waterschei - Zwartberg,beringen,beringen.industrieweg,Beringen industrial area,33.2,regular,
genk.waterschei_zwartberg__kinrooi.agropolis,genk,genk.waterschei_zwartberg,Waterschei - Zwartberg,kinrooi,kinrooi.agropolis,Agropolis,33.3,regular,
genk.waterschei_zwartberg__hamont_achel.hamont_industrial,genk,genk.waterschei_zwartberg,Waterschei - Zwartberg,hamont_achel,hamont_achel.hamont_industrial,Hamont industrial area,36.3,regular,
genk.waterschei_zwartberg__lommel.kristalpark,genk,genk.waterschei_zwartberg,Waterschei - Zwartberg,lommel,lommel.kristalpark,Kristalpark,51.6,regular,
genk.waterschei_zwartberg__geel.kievermont,genk,genk.waterschei_zwartberg,Waterschei - Zwartberg,geel,geel.kievermont,Kievermont business area,53.9,regular,
genk.waterschei_zwartberg__liege.guillemins,genk,genk.waterschei_zwartberg,Waterschei - Zwartberg,liege,liege.guillemins,Guillemins office area,54.6,regular,
genk.waterschei_zwartberg__mol.berkebossen,genk,genk.waterschei_zwartberg,Waterschei - Zwartberg,mol,mol.berkebossen,Berkebossen business area,56.9,regular,
genk.waterschei_zwartberg__liege.sart_tilman,genk,genk.waterschei_zwartberg,Waterschei - Zwartberg,liege,liege.sart_tilman,Sart-Tilman university and hospital,69.4,regular,
genk.waterschei_zwartberg__leuven.gasthuisberg,genk,genk.waterschei_zwartberg,Waterschei - Zwartberg,leuven,leuven.gasthuisberg,UZ Leuven Gasthuisberg,71.9,regular,
genk.waterschei_zwartberg__leuven.haasrode,genk,genk.waterschei_zwartberg,Waterschei - Zwartberg,leuven,leuven.haasrode,Haasrode research park,82.3,regular,
genk.waterschei_zwartberg__brussels.european_quarter,genk,genk.waterschei_zwartberg,Waterschei - Zwartberg,brussels,brussels.european_quarter,European Quarter,92.7,regular,
genk.waterschei_zwartberg__brussels.central_station,genk,genk.waterschei_zwartberg,Waterschei - Zwartberg,brussels,brussels.central_station,Central Station office area,94.9,regular,
genk.waterschei_zwartberg__brussels.north_quarter,genk,genk.waterschei_zwartberg,Waterschei - Zwartberg,brussels,brussels.north_quarter,North Quarter,95.9,regular,
genk.waterschei_zwartberg__brussels.midi,genk,genk.waterschei_zwartberg,Waterschei - Zwartberg,brussels,brussels.midi,Midi office area,97.2,regular,
genk.waterschei_zwartberg__namur.centre,genk,genk.waterschei_zwartberg,Waterschei - Zwartberg,namur,namur.centre,Namur station administrative area,109.0,regular,
genk.waterschei_zwartberg__brussels.erasme,genk,genk.waterschei_zwartberg,Waterschei - Zwartberg,brussels,brussels.erasme,Erasme business and hospital area,112.7,regular,
ghent.gent_centrum__aalst.erembodegem,ghent,ghent.gent_centrum,Gent Centrum,aalst,aalst.erembodegem,Erembodegem business area,36.1,regular,
ghent.gent_centrum__aalst.olv_hospital,ghent,ghent.gent_centrum,Gent Centrum,aalst,aalst.olv_hospital,OLV hospital (AZORG),40.0,regular,
ghent.gent_centrum__sint_niklaas.az_nikolaas,ghent,ghent.gent_centrum,Gent Centrum,sint_niklaas,sint_niklaas.az_nikolaas,AZ Nikolaas hospital,44.0,regular,
ghent.gent_centrum__sint_niklaas.europark_zuid,ghent,ghent.gent_centrum,Gent Centrum,sint_niklaas,sint_niklaas.europark_zuid,Europark-Zuid,44.4,regular,
ghent.gent_centrum__bruges.waggelwater,ghent,ghent.gent_centrum,Gent Centrum,bruges,bruges.waggelwater,Waggelwater business area,47.4,regular,
ghent.gent_centrum__roeselare.roeselare_west,ghent,ghent.gent_centrum,Gent Centrum,roeselare,roeselare.roeselare_west,Roeselare-West business area,48.5,regular,
ghent.gent_centrum__kortrijk.kennedypark,ghent,ghent.gent_centrum,Gent Centrum,kortrijk,kortrijk.kennedypark,Kennedypark,50.2,regular,
ghent.gent_centrum__kortrijk.az_groeninge,ghent,ghent.gent_centrum,Gent Centrum,kortrijk,kortrijk.az_groeninge,AZ Groeninge hospital,50.4,regular,
ghent.gent_centrum__roeselare.az_delta,ghent,ghent.gent_centrum,Gent Centrum,roeselare,roeselare.az_delta,AZ Delta hospital,51.4,regular,
ghent.gent_centrum__brussels.north_quarter,ghent,ghent.gent_centrum,Gent Centrum,brussels,brussels.north_quarter,North Quarter,60.4,regular,
ghent.gent_centrum__brussels.erasme,ghent,ghent.gent_centrum,Gent Centrum,brussels,brussels.erasme,Erasme business and hospital area,61.3,regular,
ghent.gent_centrum__brussels.central_station,ghent,ghent.gent_centrum,Gent Centrum,brussels,brussels.central_station,Central Station office area,61.5,regular,
ghent.gent_centrum__brussels.midi,ghent,ghent.gent_centrum,Gent Centrum,brussels,brussels.midi,Midi office area,62.2,regular,
ghent.gent_centrum__bruges.zeebrugge,ghent,ghent.gent_centrum,Gent Centrum,bruges,bruges.zeebrugge,Port of Zeebrugge,62.5,regular,
ghent.gent_centrum__brussels.european_quarter,ghent,ghent.gent_centrum,Gent Centrum,brussels,brussels.european_quarter,European Quarter,63.8,regular,
ghent.oostakker__aalst.erembodegem,ghent,ghent.oostakker,Oostakker,aalst,aalst.erembodegem,Erembodegem business area,38.5,regular,
ghent.oostakker__sint_niklaas.az_nikolaas,ghent,ghent.oostakker,Oostakker,sint_niklaas,sint_niklaas.az_nikolaas,AZ Nikolaas hospital,40.0,regular,
ghent.oostakker__sint_niklaas.europark_zuid,ghent,ghent.oostakker,Oostakker,sint_niklaas,sint_niklaas.europark_zuid,Europark-Zuid,40.4,regular,
ghent.oostakker__aalst.olv_hospital,ghent,ghent.oostakker,Oostakker,aalst,aalst.olv_hospital,OLV hospital (AZORG),42.4,regular,
ghent.oostakker__antwerp.port,ghent,ghent.oostakker,Oostakker,antwerp,antwerp.port,Port of Antwerp (Noorderlaan),57.0,regular,
ghent.oostakker__antwerp.kievit_offices,ghent,ghent.oostakker,Oostakker,antwerp,antwerp.kievit_offices,Kievit office district,58.6,regular,
ghent.oostakker__kortrijk.kennedypark,ghent,ghent.oostakker,Oostakker,kortrijk,kortrijk.kennedypark,Kennedypark,59.0,regular,
ghent.oostakker__kortrijk.az_groeninge,ghent,ghent.oostakker,Oostakker,kortrijk,kortrijk.az_groeninge,AZ Groeninge hospital,59.1,regular,
ghent.oostakker__bruges.zeebrugge,ghent,ghent.oostakker,Oostakker,bruges,bruges.zeebrugge,Port of Zeebrugge,59.2,regular,
ghent.oostakker__brussels.north_quarter,ghent,ghent.oostakker,Oostakker,brussels,brussels.north_quarter,North Quarter,62.7,regular,
ghent.oostakker__brussels.erasme,ghent,ghent.oostakker,Oostakker,brussels,brussels.erasme,Erasme business and hospital area,63.7,regular,
ghent.oostakker__brussels.central_station,ghent,ghent.oostakker,Oostakker,brussels,brussels.central_station,Central Station office area,63.8,regular,
ghent.oostakker__bruges.waggelwater,ghent,ghent.oostakker,Oostakker,bruges,bruges.waggelwater,Waggelwater business area,64.3,regular,
ghent.oostakker__brussels.midi,ghent,ghent.oostakker,Oostakker,brussels,brussels.midi,Midi office area,64.5,regular,
ghent.oostakker__brussels.european_quarter,ghent,ghent.oostakker,Oostakker,brussels,brussels.european_quarter,European Quarter,66.2,regular,
ghent.oostakker__roeselare.az_delta,ghent,ghent.oostakker,Oostakker,roeselare,roeselare.az_delta,AZ Delta hospital,77.1,regular,
ghent.sint_amandsberg__aalst.erembodegem,ghent,ghent.sint_amandsberg,Sint-Amandsberg,aalst,aalst.erembodegem,Erembodegem business area,37.7,regular,
ghent.sint_amandsberg__sint_niklaas.az_nikolaas,ghent,ghent.sint_amandsberg,Sint-Amandsberg,sint_niklaas,sint_niklaas.az_nikolaas,AZ Nikolaas hospital,39.2,regular,
ghent.sint_amandsberg__sint_niklaas.europark_zuid,ghent,ghent.sint_amandsberg,Sint-Amandsberg,sint_niklaas,sint_niklaas.europark_zuid,Europark-Zuid,39.6,regular,
ghent.sint_amandsberg__aalst.olv_hospital,ghent,ghent.sint_amandsberg,Sint-Amandsberg,aalst,aalst.olv_hospital,OLV hospital (AZORG),41.6,regular,
ghent.sint_amandsberg__kortrijk.kennedypark,ghent,ghent.sint_amandsberg,Sint-Amandsberg,kortrijk,kortrijk.kennedypark,Kennedypark,51.1,regular,
ghent.sint_amandsberg__kortrijk.az_groeninge,ghent,ghent.sint_amandsberg,Sint-Amandsberg,kortrijk,kortrijk.az_groeninge,AZ Groeninge hospital,51.3,regular,
ghent.sint_amandsberg__bruges.waggelwater,ghent,ghent.sint_amandsberg,Sint-Amandsberg,bruges,bruges.waggelwater,Waggelwater business area,56.4,regular,
ghent.sint_amandsberg__roeselare.roeselare_west,ghent,ghent.sint_amandsberg,Sint-Amandsberg,roeselare,roeselare.roeselare_west,Roeselare-West business area,57.5,regular,
ghent.sint_amandsberg__brussels.north_quarter,ghent,ghent.sint_amandsberg,Sint-Amandsberg,brussels,brussels.north_quarter,North Quarter,61.9,regular,
ghent.sint_amandsberg__antwerp.port,ghent,ghent.sint_amandsberg,Sint-Amandsberg,antwerp,antwerp.port,Port of Antwerp (Noorderlaan),62.0,regular,
ghent.sint_amandsberg__brussels.erasme,ghent,ghent.sint_amandsberg,Sint-Amandsberg,brussels,brussels.erasme,Erasme business and hospital area,62.9,regular,
ghent.sint_amandsberg__brussels.central_station,ghent,ghent.sint_amandsberg,Sint-Amandsberg,brussels,brussels.central_station,Central Station office area,63.1,regular,
ghent.sint_amandsberg__brussels.midi,ghent,ghent.sint_amandsberg,Sint-Amandsberg,brussels,brussels.midi,Midi office area,63.8,regular,
ghent.sint_amandsberg__brussels.european_quarter,ghent,ghent.sint_amandsberg,Sint-Amandsberg,brussels,brussels.european_quarter,European Quarter,65.4,regular,
ghent.sint_amandsberg__roeselare.az_delta,ghent,ghent.sint_amandsberg,Sint-Amandsberg,roeselare,roeselare.az_delta,AZ Delta hospital,69.2,regular,
ghent.wondelgem__aalst.erembodegem,ghent,ghent.wondelgem,Wondelgem,aalst,aalst.erembodegem,Erembodegem business area,41.9,regular,
ghent.wondelgem__sint_niklaas.az_nikolaas,ghent,ghent.wondelgem,Wondelgem,sint_niklaas,sint_niklaas.az_nikolaas,AZ Nikolaas hospital,45.6,regular,
ghent.wondelgem__aalst.olv_hospital,ghent,ghent.wondelgem,Wondelgem,aalst,aalst.olv_hospital,OLV hospital (AZORG),45.8,regular,
ghent.wondelgem__sint_niklaas.europark_zuid,ghent,ghent.wondelgem,Wondelgem,sint_niklaas,sint_niklaas.europark_zuid,Europark-Zuid,46.0,regular,
ghent.wondelgem__bruges.waggelwater,ghent,ghent.wondelgem,Wondelgem,bruges,bruges.waggelwater,Waggelwater business area,53.3,regular,
ghent.wondelgem__bruges.zeebrugge,ghent,ghent.wondelgem,Wondelgem,bruges,bruges.zeebrugge,Port of Zeebrugge,53.3,regular,
ghent.wondelgem__roeselare.roeselare_west,ghent,ghent.wondelgem,Wondelgem,roeselare,roeselare.roeselare_west,Roeselare-West business area,54.4,regular,
ghent.wondelgem__kortrijk.kennedypark,ghent,ghent.wondelgem,Wondelgem,kortrijk,kortrijk.kennedypark,Kennedypark,56.0,regular,
ghent.wondelgem__kortrijk.az_groeninge,ghent,ghent.wondelgem,Wondelgem,kortrijk,kortrijk.az_groeninge,AZ Groeninge hospital,56.1,regular,
ghent.wondelgem__roeselare.az_delta,ghent,ghent.wondelgem,Wondelgem,roeselare,roeselare.az_delta,AZ Delta hospital,57.3,regular,
ghent.wondelgem__antwerp.port,ghent,ghent.wondelgem,Wondelgem,antwerp,antwerp.port,Port of Antwerp (Noorderlaan),61.3,regular,
ghent.wondelgem__brussels.north_quarter,ghent,ghent.wondelgem,Wondelgem,brussels,brussels.north_quarter,North Quarter,66.1,regular,
ghent.wondelgem__brussels.erasme,ghent,ghent.wondelgem,Wondelgem,brussels,brussels.erasme,Erasme business and hospital area,67.1,regular,
ghent.wondelgem__brussels.central_station,ghent,ghent.wondelgem,Wondelgem,brussels,brussels.central_station,Central Station office area,67.2,regular,
ghent.wondelgem__brussels.midi,ghent,ghent.wondelgem,Wondelgem,brussels,brussels.midi,Midi office area,67.9,regular,
ghent.wondelgem__brussels.european_quarter,ghent,ghent.wondelgem,Wondelgem,brussels,brussels.european_quarter,European Quarter,69.5,regular,
halle.lembeek__brussels.central_station,halle,halle.lembeek,Lembeek,brussels,brussels.central_station,Central Station office area,22.6,regular,
halle.lembeek__brussels.european_quarter,halle,halle.lembeek,Lembeek,brussels,brussels.european_quarter,European Quarter,25.6,regular,
halle.lembeek__vilvoorde.cargovil,halle,halle.lembeek,Lembeek,vilvoorde,vilvoorde.cargovil,Cargovil,40.8,regular,
halle.lembeek__aalst.erembodegem,halle,halle.lembeek,Lembeek,aalst,aalst.erembodegem,Erembodegem business area,43.7,regular,
halle.lembeek__charleroi.aeropole,halle,halle.lembeek,Lembeek,charleroi,charleroi.aeropole,Aéropole,44.4,regular,
halle.lembeek__aalst.olv_hospital,halle,halle.lembeek,Lembeek,aalst,aalst.olv_hospital,OLV hospital (AZORG),46.7,regular,
halle.lembeek__charleroi.centre,halle,halle.lembeek,Lembeek,charleroi,charleroi.centre,Charleroi-Central office area,49.8,regular,
halle.lembeek__wavre.wavre_nord,halle,halle.lembeek,Lembeek,wavre,wavre.wavre_nord,Wavre-Nord business park,52.2,regular,
halle.lembeek__mons.ghlin_baudour,halle,halle.lembeek,Lembeek,mons,mons.ghlin_baudour,Ghlin-Baudour industrial area,58.2,regular,
halle.lembeek__leuven.gasthuisberg,halle,halle.lembeek,Lembeek,leuven,leuven.gasthuisberg,UZ Leuven Gasthuisberg,60.0,regular,
halle.lembeek__leuven.haasrode,halle,halle.lembeek,Lembeek,leuven,leuven.haasrode,Haasrode research park,64.0,regular,
halle.lembeek__ghent.zwijnaarde,halle,halle.lembeek,Lembeek,ghent,ghent.zwijnaarde,Technologiepark Zwijnaarde,72.9,regular,
halle.sint_rochus_kern__brussels.north_quarter,halle,halle.sint_rochus_kern,Sint-Rochus-Kern,brussels,brussels.north_quarter,North Quarter,25.3,regular,
halle.sint_rochus_kern__vilvoorde.cargovil,halle,halle.sint_rochus_kern,Sint-Rochus-Kern,vilvoorde,vilvoorde.cargovil,Cargovil,38.3,regular,
halle.sint_rochus_kern__aalst.erembodegem,halle,halle.sint_rochus_kern,Sint-Rochus-Kern,aalst,aalst.erembodegem,Erembodegem business area,41.2,regular,
halle.sint_rochus_kern__charleroi.aeropole,halle,halle.sint_rochus_kern,Sint-Rochus-Kern,charleroi,charleroi.aeropole,Aéropole,41.9,regular,
halle.sint_rochus_kern__aalst.olv_hospital,halle,halle.sint_rochus_kern,Sint-Rochus-Kern,aalst,aalst.olv_hospital,OLV hospital (AZORG),44.2,regular,
halle.sint_rochus_kern__charleroi.centre,halle,halle.sint_rochus_kern,Sint-Rochus-Kern,charleroi,charleroi.centre,Charleroi-Central office area,47.3,regular,
halle.sint_rochus_kern__wavre.wavre_nord,halle,halle.sint_rochus_kern,Sint-Rochus-Kern,wavre,wavre.wavre_nord,Wavre-Nord business park,49.7,regular,
halle.sint_rochus_kern__leuven.gasthuisberg,halle,halle.sint_rochus_kern,Sint-Rochus-Kern,leuven,leuven.gasthuisberg,UZ Leuven Gasthuisberg,57.5,regular,
halle.sint_rochus_kern__leuven.haasrode,halle,halle.sint_rochus_kern,Sint-Rochus-Kern,leuven,leuven.haasrode,Haasrode research park,61.5,regular,
halle.sint_rochus_kern__namur.ecolys,halle,halle.sint_rochus_kern,Sint-Rochus-Kern,namur,namur.ecolys,Ecolys business park,67.5,regular,
halle.sint_rochus_kern__ghent.the_loop,halle,halle.sint_rochus_kern,Sint-Rochus-Kern,ghent,ghent.the_loop,The Loop,70.1,regular,
halle.sint_rochus_kern__ghent.zwijnaarde,halle,halle.sint_rochus_kern,Sint-Rochus-Kern,ghent,ghent.zwijnaarde,Technologiepark Zwijnaarde,70.4,regular,
hamont_achel.achel__lommel.kristalpark,hamont_achel,hamont_achel.achel,Achel,lommel,lommel.kristalpark,Kristalpark,21.3,regular,
hamont_achel.achel__mol.berkebossen,hamont_achel,hamont_achel.achel,Achel,mol,mol.berkebossen,Berkebossen business area,26.6,regular,
hamont_achel.achel__maaseik.jagersborg,hamont_achel,hamont_achel.achel,Achel,maaseik,maaseik.jagersborg,Jagersborg business area,31.3,regular,
hamont_achel.achel__kinrooi.agropolis,hamont_achel,hamont_achel.achel,Achel,kinrooi,kinrooi.agropolis,Agropolis,34.1,regular,
hamont_achel.achel__genk.thor_park,hamont_achel,hamont_achel.achel,Achel,genk,genk.thor_park,Thor Park,35.2,regular,
hamont_achel.achel__geel.kievermont,hamont_achel,hamont_achel.achel,Achel,geel,geel.kievermont,Kievermont business area,38.5,regular,
hamont_achel.achel__genk.genk_zuid,hamont_achel,hamont_achel.achel,Achel,genk,genk.genk_zuid,Genk-Zuid industrial area,38.8,regular,
hamont_achel.achel__beringen.industrieweg,hamont_achel,hamont_achel.achel,Achel,beringen,beringen.industrieweg,Beringen industrial area,40.1,regular,
hamont_achel.achel__hasselt.corda_campus,hamont_achel,hamont_achel.achel,Achel,hasselt,hasselt.corda_campus,Corda Campus,40.9,regular,
hamont_achel.achel__hasselt.jessa,hamont_achel,hamont_achel.achel,Achel,hasselt,hasselt.jessa,Jessa hospital,46.5,regular,
hamont_achel.achel__liege.guillemins,hamont_achel,hamont_achel.achel,Achel,liege,liege.guillemins,Guillemins office area,90.0,regular,
hamont_achel.achel__leuven.haasrode,hamont_achel,hamont_achel.achel,Achel,leuven,leuven.haasrode,Haasrode research park,100.2,regular,
hamont_achel.hamont__lommel.kristalpark,hamont_achel,hamont_achel.hamont,Hamont,lommel,lommel.kristalpark,Kristalpark,25.8,regular,
hamont_achel.hamont__maaseik.jagersborg,hamont_achel,hamont_achel.hamont,Hamont,maaseik,maaseik.jagersborg,Jagersborg business area,27.9,regular,
hamont_achel.hamont__kinrooi.agropolis,hamont_achel,hamont_achel.hamont,Hamont,kinrooi,kinrooi.agropolis,Agropolis,30.7,regular,
hamont_achel.hamont__mol.berkebossen,hamont_achel,hamont_achel.hamont,Hamont,mol,mol.berkebossen,Berkebossen business area,31.1,regular,
hamont_achel.hamont__genk.thor_park,hamont_achel,hamont_achel.hamont,Hamont,genk,genk.thor_park,Thor Park,35.0,regular,
hamont_achel.hamont__genk.genk_zuid,hamont_achel,hamont_achel.hamont,Hamont,genk,genk.genk_zuid,Genk-Zuid industrial area,38.7,regular,
hamont_achel.hamont__beringen.industrieweg,hamont_achel,hamont_achel.hamont,Hamont,beringen,beringen.industrieweg,Beringen industrial area,44.6,regular,
hamont_achel.hamont__hasselt.corda_campus,hamont_achel,hamont_achel.hamont,Hamont,hasselt,hasselt.corda_campus,Corda Campus,45.4,regular,
hamont_achel.hamont__maasmechelen.oude_bunders,hamont_achel,hamont_achel.hamont,Hamont,maasmechelen,maasmechelen.oude_bunders,Oude Bunders industrial area,49.7,regular,
hamont_achel.hamont__hasselt.jessa,hamont_achel,hamont_achel.hamont,Hamont,hasselt,hasselt.jessa,Jessa hospital,51.0,regular,
hamont_achel.hamont__liege.guillemins,hamont_achel,hamont_achel.hamont,Hamont,liege,liege.guillemins,Guillemins office area,83.9,regular,
hamont_achel.hamont__leuven.haasrode,hamont_achel,hamont_achel.hamont,Hamont,leuven,leuven.haasrode,Haasrode research park,104.7,regular,
hasselt.kuringen__bilzen.spelver,hasselt,hasselt.kuringen,Kuringen,bilzen,bilzen.spelver,Spelver business park,23.7,regular,
hasselt.kuringen__genk.thor_park,hasselt,hasselt.kuringen,Kuringen,genk,genk.thor_park,Thor Park,24.2,regular,
hasselt.kuringen__geel.kievermont,hasselt,hasselt.kuringen,Kuringen,geel,geel.kievermont,Kievermont business area,37.4,regular,
hasselt.kuringen__maasmechelen.oude_bunders,hasselt,hasselt.kuringen,Kuringen,maasmechelen,maasmechelen.oude_bunders,Oude Bunders industrial area,37.8,regular,
hasselt.kuringen__mol.berkebossen,hasselt,hasselt.kuringen,Kuringen,mol,mol.berkebossen,Berkebossen business area,39.7,regular,
hasselt.kuringen__maaseik.jagersborg,hasselt,hasselt.kuringen,Kuringen,maaseik,maaseik.jagersborg,Jagersborg business area,44.3,regular,
hasselt.kuringen__hamont_achel.hamont_industrial,hasselt,hasselt.kuringen,Kuringen,hamont_achel,hamont_achel.hamont_industrial,Hamont industrial area,45.8,regular,
hasselt.kuringen__lommel.kristalpark,hasselt,hasselt.kuringen,Kuringen,lommel,lommel.kristalpark,Kristalpark,48.9,regular,
hasselt.kuringen__liege.guillemins,hasselt,hasselt.kuringen,Kuringen,liege,liege.guillemins,Guillemins office area,50.2,regular,
hasselt.kuringen__leuven.gasthuisberg,hasselt,hasselt.kuringen,Kuringen,leuven,leuven.gasthuisberg,UZ Leuven Gasthuisberg,55.4,regular,
hasselt.kuringen__liege.sart_tilman,hasselt,hasselt.kuringen,Kuringen,liege,liege.sart_tilman,Sart-Tilman university and hospital,65.0,regular,
hasselt.kuringen__leuven.haasrode,hasselt,hasselt.kuringen,Kuringen,leuven,leuven.haasrode,Haasrode research park,65.9,regular,
hasselt.kuringen__brussels.european_quarter,hasselt,hasselt.kuringen,Kuringen,brussels,brussels.european_quarter,European Quarter,76.3,regular,
hasselt.kuringen__brussels.central_station,hasselt,hasselt.kuringen,Kuringen,brussels,brussels.central_station,Central Station office area,78.4,regular,
hasselt.kuringen__brussels.north_quarter,hasselt,hasselt.kuringen,Kuringen,brussels,brussels.north_quarter,North Quarter,79.4,regular,
hasselt.kuringen__brussels.midi,hasselt,hasselt.kuringen,Kuringen,brussels,brussels.midi,Midi office area,80.7,regular,
hasselt.kuringen__brussels.erasme,hasselt,hasselt.kuringen,Kuringen,brussels,brussels.erasme,Erasme business and hospital area,96.2,regular,
hasselt.runkst_sint_hubertus__beringen.industrieweg,hasselt,hasselt.runkst_sint_hubertus,Runkst - Sint-Hubertus,beringen,beringen.industrieweg,Beringen industrial area,21.1,regular,
hasselt.runkst_sint_hubertus__genk.thor_park,hasselt,hasselt.runkst_sint_hubertus,Runkst - Sint-Hubertus,genk,genk.thor_park,Thor Park,22.1,regular,
hasselt.runkst_sint_hubertus__maasmechelen.oude_bunders,hasselt,hasselt.runkst_sint_hubertus,Runkst - Sint-Hubertus,maasmechelen,maasmechelen.oude_bunders,Oude Bunders industrial area,32.7,regular,
hasselt.runkst_sint_hubertus__geel.kievermont,hasselt,hasselt.runkst_sint_hubertus,Runkst - Sint-Hubertus,geel,geel.kievermont,Kievermont business area,41.8,regular,
hasselt.runkst_sint_hubertus__maaseik.jagersborg,hasselt,hasselt.runkst_sint_hubertus,Runkst - Sint-Hubertus,maaseik,maaseik.jagersborg,Jagersborg business area,42.1,regular,
hasselt.runkst_sint_hubertus__mol.berkebossen,hasselt,hasselt.runkst_sint_hubertus,Runkst - Sint-Hubertus,mol,mol.berkebossen,Berkebossen business area,44.1,regular,
hasselt.runkst_sint_hubertus__liege.guillemins,hasselt,hasselt.runkst_sint_hubertus,Runkst - Sint-Hubertus,liege,liege.guillemins,Guillemins office area,47.0,regular,
hasselt.runkst_sint_hubertus__lommel.kristalpark,hasselt,hasselt.runkst_sint_hubertus,Runkst - Sint-Hubertus,lommel,lommel.kristalpark,Kristalpark,48.2,regular,
hasselt.runkst_sint_hubertus__leuven.gasthuisberg,hasselt,hasselt.runkst_sint_hubertus,Runkst - Sint-Hubertus,leuven,leuven.gasthuisberg,UZ Leuven Gasthuisberg,59.9,regular,
hasselt.runkst_sint_hubertus__liege.sart_tilman,hasselt,hasselt.runkst_sint_hubertus,Runkst - Sint-Hubertus,liege,liege.sart_tilman,Sart-Tilman university and hospital,61.8,regular,
hasselt.runkst_sint_hubertus__leuven.haasrode,hasselt,hasselt.runkst_sint_hubertus,Runkst - Sint-Hubertus,leuven,leuven.haasrode,Haasrode research park,70.3,regular,
hasselt.runkst_sint_hubertus__brussels.european_quarter,hasselt,hasselt.runkst_sint_hubertus,Runkst - Sint-Hubertus,brussels,brussels.european_quarter,European Quarter,80.7,regular,
hasselt.runkst_sint_hubertus__brussels.central_station,hasselt,hasselt.runkst_sint_hubertus,Runkst - Sint-Hubertus,brussels,brussels.central_station,Central Station office area,82.9,regular,
hasselt.runkst_sint_hubertus__brussels.north_quarter,hasselt,hasselt.runkst_sint_hubertus,Runkst - Sint-Hubertus,brussels,brussels.north_quarter,North Quarter,83.9,regular,
hasselt.runkst_sint_hubertus__brussels.midi,hasselt,hasselt.runkst_sint_hubertus,Runkst - Sint-Hubertus,brussels,brussels.midi,Midi office area,85.2,regular,
hasselt.runkst_sint_hubertus__brussels.erasme,hasselt,hasselt.runkst_sint_hubertus,Runkst - Sint-Hubertus,brussels,brussels.erasme,Erasme business and hospital area,100.6,regular,
hasselt.runkst_sint_hubertus__namur.centre,hasselt,hasselt.runkst_sint_hubertus,Runkst - Sint-Hubertus,namur,namur.centre,Namur station administrative area,101.4,regular,
hasselt.sint_lambrechts_herk__bilzen.spelver,hasselt,hasselt.sint_lambrechts_herk,Sint-Lambrechts-Herk,bilzen,bilzen.spelver,Spelver business park,21.1,regular,
hasselt.sint_lambrechts_herk__beringen.industrieweg,hasselt,hasselt.sint_lambrechts_herk,Sint-Lambrechts-Herk,beringen,beringen.industrieweg,Beringen industrial area,22.2,regular,
hasselt.sint_lambrechts_herk__genk.thor_park,hasselt,hasselt.sint_lambrechts_herk,Sint-Lambrechts-Herk,genk,genk.thor_park,Thor Park,25.1,regular,
hasselt.sint_lambrechts_herk__maasmechelen.oude_bunders,hasselt,hasselt.sint_lambrechts_herk,Sint-Lambrechts-Herk,maasmechelen,maasmechelen.oude_bunders,Oude Bunders industrial area,35.7,regular,
hasselt.sint_lambrechts_herk__geel.kievermont,hasselt,hasselt.sint_lambrechts_herk,Sint-Lambrechts-Herk,geel,geel.kievermont,Kievermont business area,42.9,regular,
hasselt.sint_lambrechts_herk__mol.berkebossen,hasselt,hasselt.sint_lambrechts_herk,Sint-Lambrechts-Herk,mol,mol.berkebossen,Berkebossen business area,45.3,regular,
hasselt.sint_lambrechts_herk__liege.guillemins,hasselt,hasselt.sint_lambrechts_herk,Sint-Lambrechts-Herk,liege,liege.guillemins,Guillemins office area,47.6,regular,
hasselt.sint_lambrechts_herk__lommel.kristalpark,hasselt,hasselt.sint_lambrechts_herk,Sint-Lambrechts-Herk,lommel,lommel.kristalpark,Kristalpark,52.5,regular,
hasselt.sint_lambrechts_herk__leuven.haasrode,hasselt,hasselt.sint_lambrechts_herk,Sint-Lambrechts-Herk,leuven,leuven.haasrode,Haasrode research park,54.0,regular,
hasselt.sint_lambrechts_herk__leuven.gasthuisberg,hasselt,hasselt.sint_lambrechts_herk,Sint-Lambrechts-Herk,leuven,leuven.gasthuisberg,UZ Leuven Gasthuisberg,61.0,regular,
hasselt.sint_lambrechts_herk__liege.sart_tilman,hasselt,hasselt.sint_lambrechts_herk,Sint-Lambrechts-Herk,liege,liege.sart_tilman,Sart-Tilman university and hospital,62.4,regular,
hasselt.sint_lambrechts_herk__namur.centre,hasselt,hasselt.sint_lambrechts_herk,Sint-Lambrechts-Herk,namur,namur.centre,Namur station administrative area,69.5,regular,
hasselt.sint_lambrechts_herk__brussels.european_quarter,hasselt,hasselt.sint_lambrechts_herk,Sint-Lambrechts-Herk,brussels,brussels.european_quarter,European Quarter,81.8,regular,
hasselt.sint_lambrechts_herk__brussels.central_station,hasselt,hasselt.sint_lambrechts_herk,Sint-Lambrechts-Herk,brussels,brussels.central_station,Central Station office area,84.0,regular,
hasselt.sint_lambrechts_herk__brussels.north_quarter,hasselt,hasselt.sint_lambrechts_herk,Sint-Lambrechts-Herk,brussels,brussels.north_quarter,North Quarter,85.0,regular,
hasselt.sint_lambrechts_herk__brussels.midi,hasselt,hasselt.sint_lambrechts_herk,Sint-Lambrechts-Herk,brussels,brussels.midi,Midi office area,86.3,regular,
hasselt.sint_lambrechts_herk__brussels.erasme,hasselt,hasselt.sint_lambrechts_herk,Sint-Lambrechts-Herk,brussels,brussels.erasme,Erasme business and hospital area,101.8,regular,
ieper.ieper_centrum__roeselare.roeselare_west,ieper,ieper.ieper_centrum,Ieper-Centrum,roeselare,roeselare.roeselare_west,Roeselare-West business area,27.2,regular,
ieper.ieper_centrum__kortrijk.az_groeninge,ieper,ieper.ieper_centrum,Ieper-Centrum,kortrijk,kortrijk.az_groeninge,AZ Groeninge hospital,33.0,regular,
ieper.ieper_centrum__kortrijk.kennedypark,ieper,ieper.ieper_centrum,Ieper-Centrum,kortrijk,kortrijk.kennedypark,Kennedypark,33.1,regular,
ieper.ieper_centrum__roeselare.az_delta,ieper,ieper.ieper_centrum,Ieper-Centrum,roeselare,roeselare.az_delta,AZ Delta hospital,37.4,regular,
ieper.ieper_centrum__oostende.airport,ieper,ieper.ieper_centrum,Ieper-Centrum,oostende,oostende.airport,Ostend-Bruges airport business area,45.4,regular,
ieper.ieper_centrum__tournai.tournai_ouest,ieper,ieper.ieper_centrum,Ieper-Centrum,tournai,tournai.tournai_ouest,Tournai Ouest industrial area,53.9,regular,
ieper.ieper_centrum__tournai.froyennes,ieper,ieper.ieper_centrum,Ieper-Centrum,tournai,tournai.froyennes,Froyennes business area,56.3,regular,
ieper.ieper_centrum__ghent.zwijnaarde,ieper,ieper.ieper_centrum,Ieper-Centrum,ghent,ghent.zwijnaarde,Technologiepark Zwijnaarde,71.8,regular,
ieper.ieper_centrum__bruges.waggelwater,ieper,ieper.ieper_centrum,Ieper-Centrum,bruges,bruges.waggelwater,Waggelwater business area,72.2,regular,
ieper.ieper_centrum__ghent.the_loop,ieper,ieper.ieper_centrum,Ieper-Centrum,ghent,ghent.the_loop,The Loop,78.5,regular,
ieper.ieper_centrum__oostende.plassendale,ieper,ieper.ieper_centrum,Ieper-Centrum,oostende,oostende.plassendale,Plassendale business park,80.3,regular,
ieper.ieper_centrum__bruges.zeebrugge,ieper,ieper.ieper_centrum,Ieper-Centrum,bruges,bruges.zeebrugge,Port of Zeebrugge,87.2,regular,
ieper.vlamertinge__roeselare.roeselare_west,ieper,ieper.vlamertinge,Vlamertinge,roeselare,roeselare.roeselare_west,Roeselare-West business area,30.5,regular,
ieper.vlamertinge__kortrijk.az_groeninge,ieper,ieper.vlamertinge,Vlamertinge,kortrijk,kortrijk.az_groeninge,AZ Groeninge hospital,37.1,regular,
ieper.vlamertinge__kortrijk.kennedypark,ieper,ieper.vlamertinge,Vlamertinge,kortrijk,kortrijk.kennedypark,Kennedypark,37.2,regular,
ieper.vlamertinge__roeselare.az_delta,ieper,ieper.vlamertinge,Vlamertinge,roeselare,roeselare.az_delta,AZ Delta hospital,41.5,regular,
ieper.vlamertinge__oostende.airport,ieper,ieper.vlamertinge,Vlamertinge,oostende,oostende.airport,Ostend-Bruges airport business area,53.6,regular,
ieper.vlamertinge__tournai.tournai_ouest,ieper,ieper.vlamertinge,Vlamertinge,tournai,tournai.tournai_ouest,Tournai Ouest industrial area,58.0,regular,
ieper.vlamertinge__tournai.froyennes,ieper,ieper.vlamertinge,Vlamertinge,tournai,tournai.froyennes,Froyennes business area,60.4,regular,
ieper.vlamertinge__ghent.zwijnaarde,ieper,ieper.vlamertinge,Vlamertinge,ghent,ghent.zwijnaarde,Technologiepark Zwijnaarde,75.9,regular,
ieper.vlamertinge__bruges.waggelwater,ieper,ieper.vlamertinge,Vlamertinge,bruges,bruges.waggelwater,Waggelwater business area,76.3,regular,
ieper.vlamertinge__ghent.the_loop,ieper,ieper.vlamertinge,Vlamertinge,ghent,ghent.the_loop,The Loop,82.5,regular,
ieper.vlamertinge__oostende.plassendale,ieper,ieper.vlamertinge,Vlamertinge,oostende,oostende.plassendale,Plassendale business park,84.4,regular,
ieper.vlamertinge__bruges.zeebrugge,ieper,ieper.vlamertinge,Vlamertinge,bruges,bruges.zeebrugge,Port of Zeebrugge,91.3,regular,
kinrooi.kinrooi_centrum_zuid__genk.thor_park,kinrooi,kinrooi.kinrooi_centrum_zuid,Kinrooi-Centrum-Zuid,genk,genk.thor_park,Thor Park,25.3,regular,
kinrooi.kinrooi_centrum_zuid__maasmechelen.oude_bunders,kinrooi,kinrooi.kinrooi_centrum_zuid,Kinrooi-Centrum-Zuid,maasmechelen,maasmechelen.oude_bunders,Oude Bunders industrial area,26.3,regular,
kinrooi.kinrooi_centrum_zuid__hamont_achel.hamont_industrial,kinrooi,kinrooi.kinrooi_centrum_zuid,Kinrooi-Centrum-Zuid,hamont_achel,hamont_achel.hamont_industrial,Hamont industrial area,27.0,regular,
kinrooi.kinrooi_centrum_zuid__genk.genk_zuid,kinrooi,kinrooi.kinrooi_centrum_zuid,Kinrooi-Centrum-Zuid,genk,genk.genk_zuid,Genk-Zuid industrial area,31.3,regular,
kinrooi.kinrooi_centrum_zuid__bilzen.spelver,kinrooi,kinrooi.kinrooi_centrum_zuid,Kinrooi-Centrum-Zuid,bilzen,bilzen.spelver,Spelver business park,38.6,regular,
kinrooi.kinrooi_centrum_zuid__diepenbeek.wetenschapspark,kinrooi,kinrooi.kinrooi_centrum_zuid,Kinrooi-Centrum-Zuid,diepenbeek,diepenbeek.wetenschapspark,Wetenschapspark Diepenbeek,39.3,regular,
kinrooi.kinrooi_centrum_zuid__hasselt.jessa,kinrooi,kinrooi.kinrooi_centrum_zuid,Kinrooi-Centrum-Zuid,hasselt,hasselt.jessa,Jessa hospital,44.0,regular,
kinrooi.kinrooi_centrum_zuid__hasselt.corda_campus,kinrooi,kinrooi.kinrooi_centrum_zuid,Kinrooi-Centrum-Zuid,hasselt,hasselt.corda_campus,Corda Campus,45.6,regular,
kinrooi.kinrooi_centrum_zuid__lommel.kristalpark,kinrooi,kinrooi.kinrooi_centrum_zuid,Kinrooi-Centrum-Zuid,lommel,lommel.kristalpark,Kristalpark,50.1,regular,
kinrooi.kinrooi_centrum_zuid__liege.sart_tilman,kinrooi,kinrooi.kinrooi_centrum_zuid,Kinrooi-Centrum-Zuid,liege,liege.sart_tilman,Sart-Tilman university and hospital,79.3,regular,
kinrooi.kinrooi_centrum_zuid__liege.guillemins,kinrooi,kinrooi.kinrooi_centrum_zuid,Kinrooi-Centrum-Zuid,liege,liege.guillemins,Guillemins office area,80.4,regular,
kinrooi.kinrooi_centrum_zuid__leuven.haasrode,kinrooi,kinrooi.kinrooi_centrum_zuid,Kinrooi-Centrum-Zuid,leuven,leuven.haasrode,Haasrode research park,104.4,regular,
kinrooi.molenbeersel__hamont_achel.hamont_industrial,kinrooi,kinrooi.molenbeersel,Molenbeersel,hamont_achel,hamont_achel.hamont_industrial,Hamont industrial area,24.1,regular,
kinrooi.molenbeersel__genk.thor_park,kinrooi,kinrooi.molenbeersel,Molenbeersel,genk,genk.thor_park,Thor Park,29.3,regular,
kinrooi.molenbeersel__maasmechelen.oude_bunders,kinrooi,kinrooi.molenbeersel,Molenbeersel,maasmechelen,maasmechelen.oude_bunders,Oude Bunders industrial area,29.8,regular,
kinrooi.molenbeersel__genk.genk_zuid,kinrooi,kinrooi.molenbeersel,Molenbeersel,genk,genk.genk_zuid,Genk-Zuid industrial area,38.1,regular,
kinrooi.molenbeersel__bilzen.spelver,kinrooi,kinrooi.molenbeersel,Molenbeersel,bilzen,bilzen.spelver,Spelver business park,42.6,regular,
kinrooi.molenbeersel__diepenbeek.wetenschapspark,kinrooi,kinrooi.molenbeersel,Molenbeersel,diepenbeek,diepenbeek.wetenschapspark,Wetenschapspark Diepenbeek,46.1,regular,
kinrooi.molenbeersel__hasselt.corda_campus,kinrooi,kinrooi.molenbeersel,Molenbeersel,hasselt,hasselt.corda_campus,Corda Campus,50.2,regular,
kinrooi.molenbeersel__hasselt.jessa,kinrooi,kinrooi.molenbeersel,Molenbeersel,hasselt,hasselt.jessa,Jessa hospital,50.8,regular,
kinrooi.molenbeersel__lommel.kristalpark,kinrooi,kinrooi.molenbeersel,Molenbeersel,lommel,lommel.kristalpark,Kristalpark,51.4,regular,
kinrooi.molenbeersel__liege.sart_tilman,kinrooi,kinrooi.molenbeersel,Molenbeersel,liege,liege.sart_tilman,Sart-Tilman university and hospital,82.2,regular,
kinrooi.molenbeersel__liege.guillemins,kinrooi,kinrooi.molenbeersel,Molenbeersel,liege,liege.guillemins,Guillemins office area,83.2,regular,
kinrooi.molenbeersel__leuven.haasrode,kinrooi,kinrooi.molenbeersel,Molenbeersel,leuven,leuven.haasrode,Haasrode research park,109.0,regular,
kortrijk.heule__roeselare.roeselare_west,kortrijk,kortrijk.heule,Heule,roeselare,roeselare.roeselare_west,Roeselare-West business area,24.9,regular,
kortrijk.heule__ieper.ieperleekanaal,kortrijk,kortrijk.heule,Heule,ieper,ieper.ieperleekanaal,Ieperleekanaal business area,28.6,regular,
kortrijk.heule__tournai.tournai_ouest,kortrijk,kortrijk.heule,Heule,tournai,tournai.tournai_ouest,Tournai Ouest industrial area,34.5,regular,
kortrijk.heule__tournai.froyennes,kortrijk,kortrijk.heule,Heule,tournai,tournai.froyennes,Froyennes business area,36.9,regular,
kortrijk.heule__ghent.zwijnaarde,kortrijk,kortrijk.heule,Heule,ghent,ghent.zwijnaarde,Technologiepark Zwijnaarde,47.8,regular,
kortrijk.heule__bruges.waggelwater,kortrijk,kortrijk.heule,Heule,bruges,bruges.waggelwater,Waggelwater business area,50.9,regular,
kortrijk.heule__ghent.the_loop,kortrijk,kortrijk.heule,Heule,ghent,ghent.the_loop,The Loop,54.5,regular,
kortrijk.heule__oostende.plassendale,kortrijk,kortrijk.heule,Heule,oostende,oostende.plassendale,Plassendale business park,59.0,regular,
kortrijk.heule__ghent.port,kortrijk,kortrijk.heule,Heule,ghent,ghent.port,Port of Ghent (Kennedylaan),64.4,regular,
kortrijk.heule__bruges.zeebrugge,kortrijk,kortrijk.heule,Heule,bruges,bruges.zeebrugge,Port of Zeebrugge,65.9,regular,
kortrijk.heule__brussels.erasme,kortrijk,kortrijk.heule,Heule,brussels,brussels.erasme,Erasme business and hospital area,98.7,regular,
kortrijk.heule__brussels.midi,kortrijk,kortrijk.heule,Heule,brussels,brussels.midi,Midi office area,99.5,regular,
kortrijk.heule__antwerp.port,kortrijk,kortrijk.heule,Heule,antwerp,antwerp.port,Port of Antwerp (Noorderlaan),121.0,regular,
kortrijk.marke__roeselare.roeselare_west,kortrijk,kortrijk.marke,Marke,roeselare,roeselare.roeselare_west,Roeselare-West business area,27.7,regular,
kortrijk.marke__ieper.ieperleekanaal,kortrijk,kortrijk.marke,Marke,ieper,ieper.ieperleekanaal,Ieperleekanaal business area,31.3,regular,
kortrijk.marke__tournai.tournai_ouest,kortrijk,kortrijk.marke,Marke,tournai,tournai.tournai_ouest,Tournai Ouest industrial area,31.6,regular,
kortrijk.marke__tournai.froyennes,kortrijk,kortrijk.marke,Marke,tournai,tournai.froyennes,Froyennes business area,34.0,regular,
kortrijk.marke__ghent.zwijnaarde,kortrijk,kortrijk.marke,Marke,ghent,ghent.zwijnaarde,Technologiepark Zwijnaarde,44.7,regular,
kortrijk.marke__ghent.the_loop,kortrijk,kortrijk.marke,Marke,ghent,ghent.the_loop,The Loop,51.4,regular,
kortrijk.marke__bruges.waggelwater,kortrijk,kortrijk.marke,Marke,bruges,bruges.waggelwater,Waggelwater business area,53.6,regular,
kortrijk.marke__ghent.port,kortrijk,kortrijk.marke,Marke,ghent,ghent.port,Port of Ghent (Kennedylaan),61.3,regular,
kortrijk.marke__oostende.plassendale,kortrijk,kortrijk.marke,Marke,oostende,oostende.plassendale,Plassendale business park,61.7,regular,
kortrijk.marke__bruges.zeebrugge,kortrijk,kortrijk.marke,Marke,bruges,bruges.zeebrugge,Port of Zeebrugge,68.6,regular,
kortrijk.marke__brussels.erasme,kortrijk,kortrijk.marke,Marke,brussels,brussels.erasme,Erasme business and hospital area,95.6,regular,
kortrijk.marke__brussels.midi,kortrijk,kortrijk.marke,Marke,brussels,brussels.midi,Midi office area,96.4,regular,
kortrijk.marke__charleroi.aeropole,kortrijk,kortrijk.marke,Marke,charleroi,charleroi.aeropole,Aéropole,125.7,regular,
kortrijk.nieuwe_sint_janswijk__roeselare.roeselare_west,kortrijk,kortrijk.nieuwe_sint_janswijk,Nieuwe Sint-Janswijk,roeselare,roeselare.roeselare_west,Roeselare-West business area,31.1,regular,
kortrijk.nieuwe_sint_janswijk__tournai.tournai_ouest,kortrijk,kortrijk.nieuwe_sint_janswijk,Nieuwe Sint-Janswijk,tournai,tournai.tournai_ouest,Tournai Ouest industrial area,32.8,regular,
kortrijk.nieuwe_sint_janswijk__ieper.ieperleekanaal,kortrijk,kortrijk.nieuwe_sint_janswijk,Nieuwe Sint-Janswijk,ieper,ieper.ieperleekanaal,Ieperleekanaal business area,34.7,regular,
kortrijk.nieuwe_sint_janswijk__tournai.froyennes,kortrijk,kortrijk.nieuwe_sint_janswijk,Nieuwe Sint-Janswijk,tournai,tournai.froyennes,Froyennes business area,35.2,regular,
kortrijk.nieuwe_sint_janswijk__ghent.zwijnaarde,kortrijk,kortrijk.nieuwe_sint_janswijk,Nieuwe Sint-Janswijk,ghent,ghent.zwijnaarde,Technologiepark Zwijnaarde,41.1,regular,
kortrijk.nieuwe_sint_janswijk__ghent.the_loop,kortrijk,kortrijk.nieuwe_sint_janswijk,Nieuwe Sint-Janswijk,ghent,ghent.the_loop,The Loop,47.8,regular,
kortrijk.nieuwe_sint_janswijk__bruges.waggelwater,kortrijk,kortrijk.nieuwe_sint_janswijk,Nieuwe Sint-Janswijk,bruges,bruges.waggelwater,Waggelwater business area,57.1,regular,
kortrijk.nieuwe_sint_janswijk__ghent.port,kortrijk,kortrijk.nieuwe_sint_janswijk,Nieuwe Sint-Janswijk,ghent,ghent.port,Port of Ghent (Kennedylaan),57.7,regular,
kortrijk.nieuwe_sint_janswijk__oostende.plassendale,kortrijk,kortrijk.nieuwe_sint_janswijk,Nieuwe Sint-Janswijk,oostende,oostende.plassendale,Plassendale business park,65.2,regular,
kortrijk.nieuwe_sint_janswijk__bruges.zeebrugge,kortrijk,kortrijk.nieuwe_sint_janswijk,Nieuwe Sint-Janswijk,bruges,bruges.zeebrugge,Port of Zeebrugge,72.1,regular,
kortrijk.nieuwe_sint_janswijk__brussels.erasme,kortrijk,kortrijk.nieuwe_sint_janswijk,Nieuwe Sint-Janswijk,brussels,brussels.erasme,Erasme business and hospital area,92.0,regular,
kortrijk.nieuwe_sint_janswijk__brussels.midi,kortrijk,kortrijk.nieuwe_sint_janswijk,Nieuwe Sint-Janswijk,brussels,brussels.midi,Midi office area,92.8,regular,
kortrijk.nieuwe_sint_janswijk__antwerp.berchem_offices,kortrijk,kortrijk.nieuwe_sint_janswijk,Nieuwe Sint-Janswijk,antwerp,antwerp.berchem_offices,Berchem office district,100.3,regular,
leuven.bruul__mechelen.mechelen_noord,leuven,leuven.bruul,Bruul,mechelen,mechelen.mechelen_noord,Mechelen-Noord business area,25.1,regular,
leuven.bruul__mechelen.az_sint_maarten,leuven,leuven.bruul,Bruul,mechelen,mechelen.az_sint_maarten,AZ Sint-Maarten hospital,25.6,regular,
leuven.bruul__brussels.european_quarter,leuven,leuven.bruul,Bruul,brussels,brussels.european_quarter,European Quarter,25.8,regular,
leuven.bruul__brussels.central_station,leuven,leuven.bruul,Bruul,brussels,brussels.central_station,Central Station office area,28.0,regular,
leuven.bruul__brussels.north_quarter,leuven,leuven.bruul,Bruul,brussels,brussels.north_quarter,North Quarter,29.0,regular,
leuven.bruul__brussels.midi,leuven,leuven.bruul,Bruul,brussels,brussels.midi,Midi office area,30.3,regular,
leuven.bruul__vilvoorde.cargovil,leuven,leuven.bruul,Bruul,vilvoorde,vilvoorde.cargovil,Cargovil,30.5,regular,
leuven.bruul__wavre.wavre_nord,leuven,leuven.bruul,Bruul,wavre,wavre.wavre_nord,Wavre-Nord business park,43.6,regular,
leuven.bruul__brussels.erasme,leuven,leuven.bruul,Bruul,brussels,brussels.erasme,Erasme business and hospital area,45.7,regular,
leuven.bruul__beringen.industrieweg,leuven,leuven.bruul,Bruul,beringen,beringen.industrieweg,Beringen industrial area,52.4,regular,
leuven.bruul__hasselt.jessa,leuven,leuven.bruul,Bruul,hasselt,hasselt.jessa,Jessa hospital,58.0,regular,
leuven.bruul__antwerp.berchem_offices,leuven,leuven.bruul,Bruul,antwerp,antwerp.berchem_offices,Berchem office district,60.6,regular,
leuven.bruul__halle.lembeek,leuven,leuven.bruul,Bruul,halle,halle.lembeek,Lembeek industrial area,61.0,regular,
leuven.bruul__antwerp.kievit_offices,leuven,leuven.bruul,Bruul,antwerp,antwerp.kievit_offices,Kievit office district,61.3,regular,
leuven.bruul__namur.ecolys,leuven,leuven.bruul,Bruul,namur,namur.ecolys,Ecolys business park,71.4,regular,
leuven.heverlee__brussels.european_quarter,leuven,leuven.heverlee,Heverlee,brussels,brussels.european_quarter,European Quarter,27.0,regular,
leuven.heverlee__brussels.central_station,leuven,leuven.heverlee,Heverlee,brussels,brussels.central_station,Central Station office area,29.1,regular,
leuven.heverlee__wavre.wavre_nord,leuven,leuven.heverlee,Heverlee,wavre,wavre.wavre_nord,Wavre-Nord business park,29.5,regular,
leuven.heverlee__brussels.north_quarter,leuven,leuven.heverlee,Heverlee,brussels,brussels.north_quarter,North Quarter,30.2,regular,
leuven.heverlee__brussels.midi,leuven,leuven.heverlee,Heverlee,brussels,brussels.midi,Midi office area,31.4,regular,
leuven.heverlee__vilvoorde.cargovil,leuven,leuven.heverlee,Heverlee,vilvoorde,vilvoorde.cargovil,Cargovil,31.7,regular,
leuven.heverlee__mechelen.mechelen_noord,leuven,leuven.heverlee,Heverlee,mechelen,mechelen.mechelen_noord,Mechelen-Noord business area,44.5,regular,
leuven.heverlee__mechelen.az_sint_maarten,leuven,leuven.heverlee,Heverlee,mechelen,mechelen.az_sint_maarten,AZ Sint-Maarten hospital,46.6,regular,
leuven.heverlee__brussels.erasme,leuven,leuven.heverlee,Heverlee,brussels,brussels.erasme,Erasme business and hospital area,46.9,regular,
leuven.heverlee__beringen.industrieweg,leuven,leuven.heverlee,Heverlee,beringen,beringen.industrieweg,Beringen industrial area,56.3,regular,
leuven.heverlee__namur.centre,leuven,leuven.heverlee,Heverlee,namur,namur.centre,Namur station administrative area,58.1,regular,
leuven.heverlee__namur.ecolys,leuven,leuven.heverlee,Heverlee,namur,namur.ecolys,Ecolys business park,60.8,regular,
leuven.heverlee__antwerp.berchem_offices,leuven,leuven.heverlee,Heverlee,antwerp,antwerp.berchem_offices,Berchem office district,61.8,regular,
leuven.heverlee__halle.lembeek,leuven,leuven.heverlee,Heverlee,halle,halle.lembeek,Lembeek industrial area,62.2,regular,
leuven.heverlee__antwerp.kievit_offices,leuven,leuven.heverlee,Heverlee,antwerp,antwerp.kievit_offices,Kievit office district,62.5,regular,
leuven.kessel_lo__brussels.european_quarter,leuven,leuven.kessel_lo,Kessel-Lo,brussels,brussels.european_quarter,European Quarter,26.8,regular,
leuven.kessel_lo__mechelen.mechelen_noord,leuven,leuven.kessel_lo,Kessel-Lo,mechelen,mechelen.mechelen_noord,Mechelen-Noord business area,28.3,regular,
leuven.kessel_lo__mechelen.az_sint_maarten,leuven,leuven.kessel_lo,Kessel-Lo,mechelen,mechelen.az_sint_maarten,AZ Sint-Maarten hospital,28.7,regular,
leuven.kessel_lo__brussels.central_station,leuven,leuven.kessel_lo,Kessel-Lo,brussels,brussels.central_station,Central Station office area,28.9,regular,
leuven.kessel_lo__brussels.north_quarter,leuven,leuven.kessel_lo,Kessel-Lo,brussels,brussels.north_quarter,North Quarter,29.9,regular,
leuven.kessel_lo__brussels.midi,leuven,leuven.kessel_lo,Kessel-Lo,brussels,brussels.midi,Midi office area,31.2,regular,
leuven.kessel_lo__vilvoorde.cargovil,leuven,leuven.kessel_lo,Kessel-Lo,vilvoorde,vilvoorde.cargovil,Cargovil,31.5,regular,
leuven.kessel_lo__wavre.wavre_nord,leuven,leuven.kessel_lo,Kessel-Lo,wavre,wavre.wavre_nord,Wavre-Nord business park,32.3,regular,
leuven.kessel_lo__brussels.erasme,leuven,leuven.kessel_lo,Kessel-Lo,brussels,brussels.erasme,Erasme business and hospital area,46.7,regular,
leuven.kessel_lo__geel.kievermont,leuven,leuven.kessel_lo,Kessel-Lo,geel,geel.kievermont,Kievermont business area,50.5,regular,
leuven.kessel_lo__beringen.industrieweg,leuven,leuven.kessel_lo,Kessel-Lo,beringen,beringen.industrieweg,Beringen industrial area,55.5,regular,
leuven.kessel_lo__hasselt.jessa,leuven,leuven.kessel_lo,Kessel-Lo,hasselt,hasselt.jessa,Jessa hospital,61.1,regular,
leuven.kessel_lo__antwerp.berchem_offices,leuven,leuven.kessel_lo,Kessel-Lo,antwerp,antwerp.berchem_offices,Berchem office district,61.5,regular,
leuven.kessel_lo__antwerp.kievit_offices,leuven,leuven.kessel_lo,Kessel-Lo,antwerp,antwerp.kievit_offices,Kievit office district,62.2,regular,
leuven.kessel_lo__namur.ecolys,leuven,leuven.kessel_lo,Kessel-Lo,namur,namur.ecolys,Ecolys business park,63.6,regular,
liege.angleur__bilzen.spelver,liege,liege.angleur,Angleur,bilzen,bilzen.spelver,Spelver business park,47.7,regular,
liege.angleur__maasmechelen.oude_bunders,liege,liege.angleur,Angleur,maasmechelen,maasmechelen.oude_bunders,Oude Bunders industrial area,49.8,regular,
liege.angleur__hasselt.jessa,liege,liege.angleur,Angleur,hasselt,hasselt.jessa,Jessa hospital,58.1,regular,
liege.angleur__genk.genk_zuid,liege,liege.angleur,Angleur,genk,genk.genk_zuid,Genk-Zuid industrial area,60.1,regular,
liege.angleur__diepenbeek.wetenschapspark,liege,liege.angleur,Angleur,diepenbeek,diepenbeek.wetenschapspark,Wetenschapspark Diepenbeek,62.0,regular,
liege.angleur__hasselt.corda_campus,liege,liege.angleur,Angleur,hasselt,hasselt.corda_campus,Corda Campus,63.0,regular,
liege.angleur__namur.centre,liege,liege.angleur,Angleur,namur,namur.centre,Namur station administrative area,66.9,regular,
liege.angleur__genk.thor_park,liege,liege.angleur,Angleur,genk,genk.thor_park,Thor Park,67.4,regular,
liege.angleur__namur.ecolys,liege,liege.angleur,Angleur,namur,namur.ecolys,Ecolys business park,69.1,regular,
liege.angleur__leuven.haasrode,liege,liege.angleur,Angleur,leuven,leuven.haasrode,Haasrode research park,77.9,regular,
liege.angleur__leuven.gasthuisberg,liege,liege.angleur,Angleur,leuven,leuven.gasthuisberg,UZ Leuven Gasthuisberg,85.1,regular,
liege.angleur__charleroi.aeropole,liege,liege.angleur,Angleur,charleroi,charleroi.aeropole,Aéropole,90.7,regular,
liege.bonne_nouvelle__bilzen.spelver,liege,liege.bonne_nouvelle,Bonne-Nouvelle,bilzen,bilzen.spelver,Spelver business park,32.4,regular,
liege.bonne_nouvelle__maasmechelen.oude_bunders,liege,liege.bonne_nouvelle,Bonne-Nouvelle,maasmechelen,maasmechelen.oude_bunders,Oude Bunders industrial area,42.1,regular,
liege.bonne_nouvelle__hasselt.jessa,liege,liege.bonne_nouvelle,Bonne-Nouvelle,hasselt,hasselt.jessa,Jessa hospital,42.8,regular,
liege.bonne_nouvelle__genk.genk_zuid,liege,liege.bonne_nouvelle,Bonne-Nouvelle,genk,genk.genk_zuid,Genk-Zuid industrial area,44.8,regular,
liege.bonne_nouvelle__diepenbeek.wetenschapspark,liege,liege.bonne_nouvelle,Bonne-Nouvelle,diepenbeek,diepenbeek.wetenschapspark,Wetenschapspark Diepenbeek,46.7,regular,
liege.bonne_nouvelle__hasselt.corda_campus,liege,liege.bonne_nouvelle,Bonne-Nouvelle,hasselt,hasselt.corda_campus,Corda Campus,47.6,regular,
liege.bonne_nouvelle__genk.thor_park,liege,liege.bonne_nouvelle,Bonne-Nouvelle,genk,genk.thor_park,Thor Park,52.1,regular,
liege.bonne_nouvelle__maaseik.jagersborg,liege,liege.bonne_nouvelle,Bonne-Nouvelle,maaseik,maaseik.jagersborg,Jagersborg business area,64.8,regular,
liege.bonne_nouvelle__namur.centre,liege,liege.bonne_nouvelle,Bonne-Nouvelle,namur,namur.centre,Namur station administrative area,66.1,regular,
liege.bonne_nouvelle__namur.ecolys,liege,liege.bonne_nouvelle,Bonne-Nouvelle,namur,namur.ecolys,Ecolys business park,68.3,regular,
liege.bonne_nouvelle__leuven.haasrode,liege,liege.bonne_nouvelle,Bonne-Nouvelle,leuven,leuven.haasrode,Haasrode research park,73.4,regular,
liege.bonne_nouvelle__leuven.gasthuisberg,liege,liege.bonne_nouvelle,Bonne-Nouvelle,leuven,leuven.gasthuisberg,UZ Leuven Gasthuisberg,80.6,regular,
liege.grivegnee__bilzen.spelver,liege,liege.grivegnee,Grivegnee,bilzen,bilzen.spelver,Spelver business park,35.6,regular,
liege.grivegnee__maasmechelen.oude_bunders,liege,liege.grivegnee,Grivegnee,maasmechelen,maasmechelen.oude_bunders,Oude Bunders industrial area,43.7,regular,
liege.grivegnee__hasselt.jessa,liege,liege.grivegnee,Grivegnee,hasselt,hasselt.jessa,Jessa hospital,45.9,regular,
liege.grivegnee__genk.genk_zuid,liege,liege.grivegnee,Grivegnee,genk,genk.genk_zuid,Genk-Zuid industrial area,47.9,regular,
liege.grivegnee__diepenbeek.wetenschapspark,liege,liege.grivegnee,Grivegnee,diepenbeek,diepenbeek.wetenschapspark,Wetenschapspark Diepenbeek,49.8,regular,
liege.grivegnee__hasselt.corda_campus,liege,liege.grivegnee,Grivegnee,hasselt,hasselt.corda_campus,Corda Campus,50.8,regular,
liege.grivegnee__genk.thor_park,liege,liege.grivegnee,Grivegnee,genk,genk.thor_park,Thor Park,55.3,regular,
liege.grivegnee__maaseik.jagersborg,liege,liege.grivegnee,Grivegnee,maaseik,maaseik.jagersborg,Jagersborg business area,66.5,regular,
liege.grivegnee__namur.centre,liege,liege.grivegnee,Grivegnee,namur,namur.centre,Namur station administrative area,70.0,regular,
liege.grivegnee__namur.ecolys,liege,liege.grivegnee,Grivegnee,namur,namur.ecolys,Ecolys business park,72.3,regular,
liege.grivegnee__leuven.haasrode,liege,liege.grivegnee,Grivegnee,leuven,leuven.haasrode,Haasrode research park,77.3,regular,
liege.grivegnee__leuven.gasthuisberg,liege,liege.grivegnee,Grivegnee,leuven,leuven.gasthuisberg,UZ Leuven Gasthuisberg,84.5,regular,
liege.luxembourg__bilzen.spelver,liege,liege.luxembourg,Luxembourg,bilzen,bilzen.spelver,Spelver business park,34.0,regular,
liege.luxembourg__hasselt.jessa,liege,liege.luxembourg,Luxembourg,hasselt,hasselt.jessa,Jessa hospital,44.3,regular,
liege.luxembourg__maasmechelen.oude_bunders,liege,liege.luxembourg,Luxembourg,maasmechelen,maasmechelen.oude_bunders,Oude Bunders industrial area,45.4,regular,
liege.luxembourg__genk.genk_zuid,liege,liege.luxembourg,Luxembourg,genk,genk.genk_zuid,Genk-Zuid industrial area,46.3,regular,
liege.luxembourg__diepenbeek.wetenschapspark,liege,liege.luxembourg,Luxembourg,diepenbeek,diepenbeek.wetenschapspark,Wetenschapspark Diepenbeek,48.2,regular,
liege.luxembourg__hasselt.corda_campus,liege,liege.luxembourg,Luxembourg,hasselt,hasselt.corda_campus,Corda Campus,49.2,regular,
liege.luxembourg__genk.thor_park,liege,liege.luxembourg,Luxembourg,genk,genk.thor_park,Thor Park,53.7,regular,
liege.luxembourg__namur.centre,liege,liege.luxembourg,Luxembourg,namur,namur.centre,Namur station administrative area,65.2,regular,
liege.luxembourg__namur.ecolys,liege,liege.luxembourg,Luxembourg,namur,namur.ecolys,Ecolys business park,67.5,regular,
liege.luxembourg__leuven.haasrode,liege,liege.luxembourg,Luxembourg,leuven,leuven.haasrode,Haasrode research park,72.5,regular,
liege.luxembourg__leuven.gasthuisberg,liege,liege.luxembourg,Luxembourg,leuven,leuven.gasthuisberg,UZ Leuven Gasthuisberg,79.7,regular,
liege.luxembourg__charleroi.aeropole,liege,liege.luxembourg,Luxembourg,charleroi,charleroi.aeropole,Aéropole,89.0,regular,
lommel.lommel_centrum__geel.kievermont,lommel,lommel.lommel_centrum,Lommel-Centrum,geel,geel.kievermont,Kievermont business area,23.8,regular,
lommel.lommel_centrum__beringen.industrieweg,lommel,lommel.lommel_centrum,Lommel-Centrum,beringen,beringen.industrieweg,Beringen industrial area,25.8,regular,
lommel.lommel_centrum__turnhout.veedijk,lommel,lommel.lommel_centrum,Lommel-Centrum,turnhout,turnhout.veedijk,Veedijk business area,37.6,regular,
lommel.lommel_centrum__hasselt.corda_campus,lommel,lommel.lommel_centrum,Lommel-Centrum,hasselt,hasselt.corda_campus,Corda Campus,39.0,regular,
lommel.lommel_centrum__diepenbeek.wetenschapspark,lommel,lommel.lommel_centrum,Lommel-Centrum,diepenbeek,diepenbeek.wetenschapspark,Wetenschapspark Diepenbeek,44.5,regular,
lommel.lommel_centrum__hasselt.jessa,lommel,lommel.lommel_centrum,Lommel-Centrum,hasselt,hasselt.jessa,Jessa hospital,44.5,regular,
lommel.lommel_centrum__genk.thor_park,lommel,lommel.lommel_centrum,Lommel-Centrum,genk,genk.thor_park,Thor Park,45.1,regular,
lommel.lommel_centrum__genk.genk_zuid,lommel,lommel.lommel_centrum,Lommel-Centrum,genk,genk.genk_zuid,Genk-Zuid industrial area,46.7,regular,
lommel.lommel_centrum__maaseik.jagersborg,lommel,lommel.lommel_centrum,Lommel-Centrum,maaseik,maaseik.jagersborg,Jagersborg business area,46.7,regular,
lommel.lommel_centrum__antwerp.berchem_offices,lommel,lommel.lommel_centrum,Lommel-Centrum,antwerp,antwerp.berchem_offices,Berchem office district,69.1,regular,
lommel.lommel_centrum__leuven.gasthuisberg,lommel,lommel.lommel_centrum,Lommel-Centrum,leuven,leuven.gasthuisberg,UZ Leuven Gasthuisberg,87.8,regular,
lommel.lommel_centrum__leuven.haasrode,lommel,lommel.lommel_centrum,Lommel-Centrum,leuven,leuven.haasrode,Haasrode research park,98.3,regular,
lommel.lutlommel_centrum__geel.kievermont,lommel,lommel.lutlommel_centrum,Lutlommel-Centrum,geel,geel.kievermont,Kievermont business area,26.4,regular,
lommel.lutlommel_centrum__beringen.industrieweg,lommel,lommel.lutlommel_centrum,Lutlommel-Centrum,beringen,beringen.industrieweg,Beringen industrial area,27.8,regular,
lommel.lutlommel_centrum__hasselt.corda_campus,lommel,lommel.lutlommel_centrum,Lutlommel-Centrum,hasselt,hasselt.corda_campus,Corda Campus,37.2,regular,
lommel.lutlommel_centrum__turnhout.veedijk,lommel,lommel.lutlommel_centrum,Lutlommel-Centrum,turnhout,turnhout.veedijk,Veedijk business area,40.3,regular,
lommel.lutlommel_centrum__diepenbeek.wetenschapspark,lommel,lommel.lutlommel_centrum,Lutlommel-Centrum,diepenbeek,diepenbeek.wetenschapspark,Wetenschapspark Diepenbeek,42.7,regular,
lommel.lutlommel_centrum__hasselt.jessa,lommel,lommel.lutlommel_centrum,Lutlommel-Centrum,hasselt,hasselt.jessa,Jessa hospital,42.7,regular,
lommel.lutlommel_centrum__genk.thor_park,lommel,lommel.lutlommel_centrum,Lutlommel-Centrum,genk,genk.thor_park,Thor Park,43.2,regular,
lommel.lutlommel_centrum__maaseik.jagersborg,lommel,lommel.lutlommel_centrum,Lutlommel-Centrum,maaseik,maaseik.jagersborg,Jagersborg business area,44.8,regular,
lommel.lutlommel_centrum__genk.genk_zuid,lommel,lommel.lutlommel_centrum,Lutlommel-Centrum,genk,genk.genk_zuid,Genk-Zuid industrial area,44.9,regular,
lommel.lutlommel_centrum__antwerp.berchem_offices,lommel,lommel.lutlommel_centrum,Lutlommel-Centrum,antwerp,antwerp.berchem_offices,Berchem office district,71.8,regular,
lommel.lutlommel_centrum__leuven.gasthuisberg,lommel,lommel.lutlommel_centrum,Lutlommel-Centrum,leuven,leuven.gasthuisberg,UZ Leuven Gasthuisberg,86.0,regular,
lommel.lutlommel_centrum__leuven.haasrode,lommel,lommel.lutlommel_centrum,Lutlommel-Centrum,leuven,leuven.haasrode,Haasrode research park,96.5,regular,
maaseik.het_hamont__maasmechelen.oude_bunders,maaseik,maaseik.het_hamont,Het Hamont,maasmechelen,maasmechelen.oude_bunders,Oude Bunders industrial area,23.1,regular,
maaseik.het_hamont__genk.thor_park,maaseik,maaseik.het_hamont,Het Hamont,genk,genk.thor_park,Thor Park,28.2,regular,
maaseik.het_hamont__genk.genk_zuid,maaseik,maaseik.het_hamont,Het Hamont,genk,genk.genk_zuid,Genk-Zuid industrial area,33.1,regular,
maaseik.het_hamont__hamont_achel.hamont_industrial,maaseik,maaseik.het_hamont,Het Hamont,hamont_achel,hamont_achel.hamont_industrial,Hamont industrial area,33.3,regular,
maaseik.het_hamont__bilzen.spelver,maaseik,maaseik.het_hamont,Het Hamont,bilzen,bilzen.spelver,Spelver business park,40.5,regular,
maaseik.het_hamont__diepenbeek.wetenschapspark,maaseik,maaseik.het_hamont,Het Hamont,diepenbeek,diepenbeek.wetenschapspark,Wetenschapspark Diepenbeek,41.1,regular,
maaseik.het_hamont__hasselt.jessa,maaseik,maaseik.het_hamont,Het Hamont,hasselt,hasselt.jessa,Jessa hospital,45.9,regular,
maaseik.het_hamont__hasselt.corda_campus,maaseik,maaseik.het_hamont,Het Hamont,hasselt,hasselt.corda_campus,Corda Campus,47.5,regular,
maaseik.het_hamont__liege.sart_tilman,maaseik,maaseik.het_hamont,Het Hamont,liege,liege.sart_tilman,Sart-Tilman university and hospital,73.5,regular,
maaseik.het_hamont__liege.guillemins,maaseik,maaseik.het_hamont,Het Hamont,liege,liege.guillemins,Guillemins office area,74.5,regular,
maaseik.het_hamont__leuven.gasthuisberg,maaseik,maaseik.het_hamont,Het Hamont,leuven,leuven.gasthuisberg,UZ Leuven Gasthuisberg,95.8,regular,
maaseik.het_hamont__leuven.haasrode,maaseik,maaseik.het_hamont,Het Hamont,leuven,leuven.haasrode,Haasrode research park,106.3,regular,
maaseik.neeroeteren__brussels.european_quarter,maaseik,maaseik.neeroeteren,Neeroeteren,brussels,brussels.european_quarter,European Quarter,110.0,watchlist,leuven_e40
maaseik.neeroeteren__oostende.plassendale,maaseik,maaseik.neeroeteren,Neeroeteren,oostende,oostende.plassendale,Plassendale business park,220.1,watchlist,brussels_e40
maaseik.neeroeteren__genk.genk_zuid,maaseik,maaseik.neeroeteren,Neeroeteren,genk,genk.genk_zuid,Genk-Zuid industrial area,26.4,regular,
maaseik.neeroeteren__hamont_achel.hamont_industrial,maaseik,maaseik.neeroeteren,Neeroeteren,hamont_achel,hamont_achel.hamont_industrial,Hamont industrial area,28.2,regular,
maaseik.neeroeteren__bilzen.spelver,maaseik,maaseik.neeroeteren,Neeroeteren,bilzen,bilzen.spelver,Spelver business park,33.8,regular,
maaseik.neeroeteren__diepenbeek.wetenschapspark,maaseik,maaseik.neeroeteren,Neeroeteren,diepenbeek,diepenbeek.wetenschapspark,Wetenschapspark Diepenbeek,34.4,regular,
maaseik.neeroeteren__hasselt.jessa,maaseik,maaseik.neeroeteren,Neeroeteren,hasselt,hasselt.jessa,Jessa hospital,39.1,regular,
maaseik.neeroeteren__hasselt.corda_campus,maaseik,maaseik.neeroeteren,Neeroeteren,hasselt,hasselt.corda_campus,Corda Campus,40.8,regular,
maaseik.neeroeteren__lommel.kristalpark,maaseik,maaseik.neeroeteren,Neeroeteren,lommel,lommel.kristalpark,Kristalpark,50.3,regular,
maaseik.neeroeteren__beringen.industrieweg,maaseik,maaseik.neeroeteren,Neeroeteren,beringen,beringen.industrieweg,Beringen industrial area,50.4,regular,
maaseik.neeroeteren__liege.sart_tilman,maaseik,maaseik.neeroeteren,Neeroeteren,liege,liege.sart_tilman,Sart-Tilman university and hospital,73.8,regular,
maaseik.neeroeteren__liege.guillemins,maaseik,maaseik.neeroeteren,Neeroeteren,liege,liege.guillemins,Guillemins office area,74.9,regular,
maaseik.neeroeteren__leuven.gasthuisberg,maaseik,maaseik.neeroeteren,Neeroeteren,leuven,leuven.gasthuisberg,UZ Leuven Gasthuisberg,89.1,regular,
maaseik.neeroeteren__leuven.haasrode,maaseik,maaseik.neeroeteren,Neeroeteren,leuven,leuven.haasrode,Haasrode research park,99.6,regular,
maasmechelen.eisden__kinrooi.agropolis,maasmechelen,maasmechelen.eisden,Eisden,kinrooi,kinrooi.agropolis,Agropolis,23.5,regular,
maasmechelen.eisden__bilzen.spelver,maasmechelen,maasmechelen.eisden,Eisden,bilzen,bilzen.spelver,Spelver business park,30.6,regular,
maasmechelen.eisden__diepenbeek.wetenschapspark,maasmechelen,maasmechelen.eisden,Eisden,diepenbeek,diepenbeek.wetenschapspark,Wetenschapspark Diepenbeek,31.2,regular,
maasmechelen.eisden__hasselt.jessa,maasmechelen,maasmechelen.eisden,Eisden,hasselt,hasselt.jessa,Jessa hospital,36.0,regular,
maasmechelen.eisden__hasselt.corda_campus,maasmechelen,maasmechelen.eisden,Eisden,hasselt,hasselt.corda_campus,Corda Campus,37.1,regular,
maasmechelen.eisden__hamont_achel.hamont_industrial,maasmechelen,maasmechelen.eisden,Eisden,hamont_achel,hamont_achel.hamont_industrial,Hamont industrial area,39.2,regular,
maasmechelen.eisden__beringen.industrieweg,maasmechelen,maasmechelen.eisden,Eisden,beringen,beringen.industrieweg,Beringen industrial area,46.7,regular,
maasmechelen.eisden__lommel.kristalpark,maasmechelen,maasmechelen.eisden,Eisden,lommel,lommel.kristalpark,Kristalpark,65.1,regular,
maasmechelen.eisden__liege.sart_tilman,maasmechelen,maasmechelen.eisden,Eisden,liege,liege.sart_tilman,Sart-Tilman university and hospital,67.7,regular,
maasmechelen.eisden__liege.guillemins,maasmechelen,maasmechelen.eisden,Eisden,liege,liege.guillemins,Guillemins office area,68.8,regular,
maasmechelen.eisden__leuven.gasthuisberg,maasmechelen,maasmechelen.eisden,Eisden,leuven,leuven.gasthuisberg,UZ Leuven Gasthuisberg,85.4,regular,
maasmechelen.eisden__leuven.haasrode,maasmechelen,maasmechelen.eisden,Eisden,leuven,leuven.haasrode,Haasrode research park,95.9,regular,
maasmechelen.mechelen_aan_de_maas__maaseik.jagersborg,maasmechelen,maasmechelen.mechelen_aan_de_maas,Mechelen-Aan-de-Maas,maaseik,maaseik.jagersborg,Jagersborg business area,19.1,regular,
maasmechelen.mechelen_aan_de_maas__kinrooi.agropolis,maasmechelen,maasmechelen.mechelen_aan_de_maas,Mechelen-Aan-de-Maas,kinrooi,kinrooi.agropolis,Agropolis,25.2,regular,
maasmechelen.mechelen_aan_de_maas__diepenbeek.wetenschapspark,maasmechelen,maasmechelen.mechelen_aan_de_maas,Mechelen-Aan-de-Maas,diepenbeek,diepenbeek.wetenschapspark,Wetenschapspark Diepenbeek,28.0,regular,
maasmechelen.mechelen_aan_de_maas__hasselt.jessa,maasmechelen,maasmechelen.mechelen_aan_de_maas,Mechelen-Aan-de-Maas,hasselt,hasselt.jessa,Jessa hospital,32.7,regular,
maasmechelen.mechelen_aan_de_maas__hasselt.corda_campus,maasmechelen,maasmechelen.mechelen_aan_de_maas,Mechelen-Aan-de-Maas,hasselt,hasselt.corda_campus,Corda Campus,33.8,regular,
maasmechelen.mechelen_aan_de_maas__beringen.industrieweg,maasmechelen,maasmechelen.mechelen_aan_de_maas,Mechelen-Aan-de-Maas,beringen,beringen.industrieweg,Beringen industrial area,43.5,regular,
maasmechelen.mechelen_aan_de_maas__hamont_achel.hamont_industrial,maasmechelen,maasmechelen.mechelen_aan_de_maas,Mechelen-Aan-de-Maas,hamont_achel,hamont_achel.hamont_industrial,Hamont industrial area,58.7,regular,
maasmechelen.mechelen_aan_de_maas__liege.sart_tilman,maasmechelen,maasmechelen.mechelen_aan_de_maas,Mechelen-Aan-de-Maas,liege,liege.sart_tilman,Sart-Tilman university and hospital,63.6,regular,
maasmechelen.mechelen_aan_de_maas__liege.guillemins,maasmechelen,maasmechelen.mechelen_aan_de_maas,Mechelen-Aan-de-Maas,liege,liege.guillemins,Guillemins office area,64.6,regular,
maasmechelen.mechelen_aan_de_maas__leuven.gasthuisberg,maasmechelen,maasmechelen.mechelen_aan_de_maas,Mechelen-Aan-de-Maas,leuven,leuven.gasthuisberg,UZ Leuven Gasthuisberg,82.1,regular,
maasmechelen.mechelen_aan_de_maas__leuven.haasrode,maasmechelen,maasmechelen.mechelen_aan_de_maas,Mechelen-Aan-de-Maas,leuven,leuven.haasrode,Haasrode research park,92.6,regular,
maasmechelen.mechelen_aan_de_maas__namur.centre,maasmechelen,maasmechelen.mechelen_aan_de_maas,Mechelen-Aan-de-Maas,namur,namur.centre,Namur station administrative area,114.2,regular,
mechelen.hombeek__antwerp.berchem_offices,mechelen,mechelen.hombeek,Hombeek,antwerp,antwerp.berchem_offices,Berchem office district,24.9,regular,
mechelen.hombeek__antwerp.kievit_offices,mechelen,mechelen.hombeek,Hombeek,antwerp,antwerp.kievit_offices,Kievit office district,25.6,regular,
mechelen.hombeek__brussels.north_quarter,mechelen,mechelen.hombeek,Hombeek,brussels,brussels.north_quarter,North Quarter,27.1,regular,
mechelen.hombeek__brussels.european_quarter,mechelen,mechelen.hombeek,Hombeek,brussels,brussels.european_quarter,European Quarter,27.8,regular,
mechelen.hombeek__brussels.central_station,mechelen,mechelen.hombeek,Hombeek,brussels,brussels.central_station,Central Station office area,29.9,regular,
mechelen.hombeek__brussels.midi,mechelen,mechelen.hombeek,Hombeek,brussels,brussels.midi,Midi office area,32.2,regular,
mechelen.hombeek__sint_niklaas.az_nikolaas,mechelen,mechelen.hombeek,Hombeek,sint_niklaas,sint_niklaas.az_nikolaas,AZ Nikolaas hospital,32.5,regular,
mechelen.hombeek__sint_niklaas.europark_zuid,mechelen,mechelen.hombeek,Hombeek,sint_niklaas,sint_niklaas.europark_zuid,Europark-Zuid,32.9,regular,
mechelen.hombeek__leuven.gasthuisberg,mechelen,mechelen.hombeek,Hombeek,leuven,leuven.gasthuisberg,UZ Leuven Gasthuisberg,37.8,regular,
mechelen.hombeek__brussels.erasme,mechelen,mechelen.hombeek,Hombeek,brussels,brussels.erasme,Erasme business and hospital area,38.6,regular,
mechelen.hombeek__leuven.haasrode,mechelen,mechelen.hombeek,Hombeek,leuven,leuven.haasrode,Haasrode research park,41.8,regular,
mechelen.hombeek__ghent.port,mechelen,mechelen.hombeek,Hombeek,ghent,ghent.port,Port of Ghent (Kennedylaan),64.7,regular,
mechelen.hombeek__charleroi.aeropole,mechelen,mechelen.hombeek,Hombeek,charleroi,charleroi.aeropole,Aéropole,70.3,regular,
mechelen.hombeek__ghent.zwijnaarde,mechelen,mechelen.hombeek,Hombeek,ghent,ghent.zwijnaarde,Technologiepark Zwijnaarde,78.8,regular,
mechelen.hombeek__namur.ecolys,mechelen,mechelen.hombeek,Hombeek,namur,namur.ecolys,Ecolys business park,83.8,regular,
mechelen.muizen__leuven.gasthuisberg,mechelen,mechelen.muizen,Muizen,leuven,leuven.gasthuisberg,UZ Leuven Gasthuisberg,22.6,regular,
mechelen.muizen__antwerp.berchem_offices,mechelen,mechelen.muizen,Muizen,antwerp,antwerp.berchem_offices,Berchem office district,25.1,regular,
mechelen.muizen__antwerp.kievit_offices,mechelen,mechelen.muizen,Muizen,antwerp,antwerp.kievit_offices,Kievit office district,25.8,regular,
mechelen.muizen__brussels.north_quarter,mechelen,mechelen.muizen,Muizen,brussels,brussels.north_quarter,North Quarter,27.9,regular,
mechelen.muizen__brussels.european_quarter,mechelen,mechelen.muizen,Muizen,brussels,brussels.european_quarter,European Quarter,28.6,regular,
mechelen.muizen__brussels.central_station,mechelen,mechelen.muizen,Muizen,brussels,brussels.central_station,Central Station office area,30.7,regular,
mechelen.muizen__leuven.haasrode,mechelen,mechelen.muizen,Muizen,leuven,leuven.haasrode,Haasrode research park,33.1,regular,
mechelen.muizen__brussels.midi,mechelen,mechelen.muizen,Muizen,brussels,brussels.midi,Midi office area,33.1,regular,
mechelen.muizen__brussels.erasme,mechelen,mechelen.muizen,Muizen,brussels,brussels.erasme,Erasme business and hospital area,39.4,regular,
mechelen.muizen__sint_niklaas.az_nikolaas,mechelen,mechelen.muizen,Muizen,sint_niklaas,sint_niklaas.az_nikolaas,AZ Nikolaas hospital,46.3,regular,
mechelen.muizen__sint_niklaas.europark_zuid,mechelen,mechelen.muizen,Muizen,sint_niklaas,sint_niklaas.europark_zuid,Europark-Zuid,46.7,regular,
mechelen.muizen__charleroi.aeropole,mechelen,mechelen.muizen,Muizen,charleroi,charleroi.aeropole,Aéropole,71.1,regular,
mechelen.muizen__hasselt.jessa,mechelen,mechelen.muizen,Muizen,hasselt,hasselt.jessa,Jessa hospital,75.9,regular,
mechelen.muizen__ghent.port,mechelen,mechelen.muizen,Muizen,ghent,ghent.port,Port of Ghent (Kennedylaan),78.1,regular,
mechelen.muizen__ghent.zwijnaarde,mechelen,mechelen.muizen,Muizen,ghent,ghent.zwijnaarde,Technologiepark Zwijnaarde,79.7,regular,
mechelen.nekkerspoel_nijverheidstraat__antwerp.berchem_offices,mechelen,mechelen.nekkerspoel_nijverheidstraat,Nekkerspoel - Nijverheidstraat,antwerp,antwerp.berchem_offices,Berchem office district,23.3,regular,
mechelen.nekkerspoel_nijverheidstraat__antwerp.kievit_offices,mechelen,mechelen.nekkerspoel_nijverheidstraat,Nekkerspoel - Nijverheidstraat,antwerp,antwerp.kievit_offices,Kievit office district,24.1,regular,
mechelen.nekkerspoel_nijverheidstraat__leuven.gasthuisberg,mechelen,mechelen.nekkerspoel_nijverheidstraat,Nekkerspoel - Nijverheidstraat,leuven,leuven.gasthuisberg,UZ Leuven Gasthuisberg,25.6,regular,
mechelen.nekkerspoel_nijverheidstraat__brussels.north_quarter,mechelen,mechelen.nekkerspoel_nijverheidstraat,Nekkerspoel - Nijverheidstraat,brussels,brussels.north_quarter,North Quarter,28.1,regular,
mechelen.nekkerspoel_nijverheidstraat__brussels.european_quarter,mechelen,mechelen.nekkerspoel_nijverheidstraat,Nekkerspoel - Nijverheidstraat,brussels,brussels.european_quarter,European Quarter,28.8,regular,
mechelen.nekkerspoel_nijverheidstraat__brussels.central_station,mechelen,mechelen.nekkerspoel_nijverheidstraat,Nekkerspoel - Nijverheidstraat,brussels,brussels.central_station,Central Station office area,30.9,regular,
mechelen.nekkerspoel_nijverheidstraat__brussels.midi,mechelen,mechelen.nekkerspoel_nijverheidstraat,Nekkerspoel - Nijverheidstraat,brussels,brussels.midi,Midi office area,33.2,regular,
mechelen.nekkerspoel_nijverheidstraat__brussels.erasme,mechelen,mechelen.nekkerspoel_nijverheidstraat,Nekkerspoel - Nijverheidstraat,brussels,brussels.erasme,Erasme business and hospital area,39.6,regular,
mechelen.nekkerspoel_nijverheidstraat__leuven.haasrode,mechelen,mechelen.nekkerspoel_nijverheidstraat,Nekkerspoel - Nijverheidstraat,leuven,leuven.haasrode,Haasrode research park,42.8,regular,
mechelen.nekkerspoel_nijverheidstraat__sint_niklaas.az_nikolaas,mechelen,mechelen.nekkerspoel_nijverheidstraat,Nekkerspoel - Nijverheidstraat,sint_niklaas,sint_niklaas.az_nikolaas,AZ Nikolaas hospital,44.6,regular,
mechelen.nekkerspoel_nijverheidstraat__sint_niklaas.europark_zuid,mechelen,mechelen.nekkerspoel_nijverheidstraat,Nekkerspoel - Nijverheidstraat,sint_niklaas,sint_niklaas.europark_zuid,Europark-Zuid,45.0,regular,
mechelen.nekkerspoel_nijverheidstraat__ghent.port,mechelen,mechelen.nekkerspoel_nijverheidstraat,Nekkerspoel - Nijverheidstraat,ghent,ghent.port,Port of Ghent (Kennedylaan),76.4,regular,
mechelen.nekkerspoel_nijverheidstraat__hasselt.jessa,mechelen,mechelen.nekkerspoel_nijverheidstraat,Nekkerspoel - Nijverheidstraat,hasselt,hasselt.jessa,Jessa hospital,78.8,regular,
mechelen.nekkerspoel_nijverheidstraat__hasselt.corda_campus,mechelen,mechelen.nekkerspoel_nijverheidstraat,Nekkerspoel - Nijverheidstraat,hasselt,hasselt.corda_campus,Corda Campus,79.3,regular,
mechelen.nekkerspoel_nijverheidstraat__ghent.zwijnaarde,mechelen,mechelen.nekkerspoel_nijverheidstraat,Nekkerspoel - Nijverheidstraat,ghent,ghent.zwijnaarde,Technologiepark Zwijnaarde,79.8,regular,
mol.ginderbuiten__beringen.industrieweg,mol,mol.ginderbuiten,Ginderbuiten,beringen,beringen.industrieweg,Beringen industrial area,20.7,regular,
mol.ginderbuiten__turnhout.veedijk,mol,mol.ginderbuiten,Ginderbuiten,turnhout,turnhout.veedijk,Veedijk business area,24.4,regular,
mol.ginderbuiten__hamont_achel.hamont_industrial,mol,mol.ginderbuiten,Ginderbuiten,hamont_achel,hamont_achel.hamont_industrial,Hamont industrial area,29.5,regular,
mol.ginderbuiten__hasselt.jessa,mol,mol.ginderbuiten,Ginderbuiten,hasselt,hasselt.jessa,Jessa hospital,43.4,regular,
mol.ginderbuiten__diepenbeek.wetenschapspark,mol,mol.ginderbuiten,Ginderbuiten,diepenbeek,diepenbeek.wetenschapspark,Wetenschapspark Diepenbeek,48.3,regular,
mol.ginderbuiten__hasselt.corda_campus,mol,mol.ginderbuiten,Ginderbuiten,hasselt,hasselt.corda_campus,Corda Campus,50.9,regular,
mol.ginderbuiten__antwerp.berchem_offices,mol,mol.ginderbuiten,Ginderbuiten,antwerp,antwerp.berchem_offices,Berchem office district,56.6,regular,
mol.ginderbuiten__genk.thor_park,mol,mol.ginderbuiten,Ginderbuiten,genk,genk.thor_park,Thor Park,57.0,regular,
mol.ginderbuiten__antwerp.kievit_offices,mol,mol.ginderbuiten,Ginderbuiten,antwerp,antwerp.kievit_offices,Kievit office district,57.1,regular,
mol.ginderbuiten__genk.genk_zuid,mol,mol.ginderbuiten,Ginderbuiten,genk,genk.genk_zuid,Genk-Zuid industrial area,58.6,regular,
mol.ginderbuiten__leuven.gasthuisberg,mol,mol.ginderbuiten,Ginderbuiten,leuven,leuven.gasthuisberg,UZ Leuven Gasthuisberg,58.7,regular,
mol.ginderbuiten__leuven.haasrode,mol,mol.ginderbuiten,Ginderbuiten,leuven,leuven.haasrode,Haasrode research park,69.2,regular,
mol.sint_jan_berchmans__turnhout.veedijk,mol,mol.sint_jan_berchmans,Sint-Jan-Berchmans,turnhout,turnhout.veedijk,Veedijk business area,24.2,regular,
mol.sint_jan_berchmans__hamont_achel.hamont_industrial,mol,mol.sint_jan_berchmans,Sint-Jan-Berchmans,hamont_achel,hamont_achel.hamont_industrial,Hamont industrial area,33.0,regular,
mol.sint_jan_berchmans__hasselt.jessa,mol,mol.sint_jan_berchmans,Sint-Jan-Berchmans,hasselt,hasselt.jessa,Jessa hospital,41.8,regular,
mol.sint_jan_berchmans__hasselt.corda_campus,mol,mol.sint_jan_berchmans,Sint-Jan-Berchmans,hasselt,hasselt.corda_campus,Corda Campus,42.3,regular,
mol.sint_jan_berchmans__diepenbeek.wetenschapspark,mol,mol.sint_jan_berchmans,Sint-Jan-Berchmans,diepenbeek,diepenbeek.wetenschapspark,Wetenschapspark Diepenbeek,46.6,regular,
mol.sint_jan_berchmans__genk.thor_park,mol,mol.sint_jan_berchmans,Sint-Jan-Berchmans,genk,genk.thor_park,Thor Park,52.2,regular,
mol.sint_jan_berchmans__genk.genk_zuid,mol,mol.sint_jan_berchmans,Sint-Jan-Berchmans,genk,genk.genk_zuid,Genk-Zuid industrial area,53.8,regular,
mol.sint_jan_berchmans__antwerp.berchem_offices,mol,mol.sint_jan_berchmans,Sint-Jan-Berchmans,antwerp,antwerp.berchem_offices,Berchem office district,53.8,regular,
mol.sint_jan_berchmans__antwerp.kievit_offices,mol,mol.sint_jan_berchmans,Sint-Jan-Berchmans,antwerp,antwerp.kievit_offices,Kievit office district,54.3,regular,
mol.sint_jan_berchmans__leuven.gasthuisberg,mol,mol.sint_jan_berchmans,Sint-Jan-Berchmans,leuven,leuven.gasthuisberg,UZ Leuven Gasthuisberg,56.0,regular,
mol.sint_jan_berchmans__bilzen.spelver,mol,mol.sint_jan_berchmans,Sint-Jan-Berchmans,bilzen,bilzen.spelver,Spelver business park,57.8,regular,
mol.sint_jan_berchmans__leuven.haasrode,mol,mol.sint_jan_berchmans,Sint-Jan-Berchmans,leuven,leuven.haasrode,Haasrode research park,66.5,regular,
mons.cuesmes__charleroi.aeropole,mons,mons.cuesmes,Cuesmes,charleroi,charleroi.aeropole,Aéropole,48.6,regular,
mons.cuesmes__charleroi.centre,mons,mons.cuesmes,Cuesmes,charleroi,charleroi.centre,Charleroi-Central office area,54.3,regular,
mons.cuesmes__tournai.froyennes,mons,mons.cuesmes,Cuesmes,tournai,tournai.froyennes,Froyennes business area,56.8,regular,
mons.cuesmes__tournai.tournai_ouest,mons,mons.cuesmes,Cuesmes,tournai,tournai.tournai_ouest,Tournai Ouest industrial area,58.3,regular,
mons.cuesmes__halle.lembeek,mons,mons.cuesmes,Cuesmes,halle,halle.lembeek,Lembeek industrial area,62.6,regular,
mons.cuesmes__brussels.erasme,mons,mons.cuesmes,Cuesmes,brussels,brussels.erasme,Erasme business and hospital area,71.4,regular,
mons.cuesmes__brussels.midi,mons,mons.cuesmes,Cuesmes,brussels,brussels.midi,Midi office area,71.9,regular,
mons.cuesmes__namur.ecolys,mons,mons.cuesmes,Cuesmes,namur,namur.ecolys,Ecolys business park,74.2,regular,
mons.cuesmes__kortrijk.az_groeninge,mons,mons.cuesmes,Cuesmes,kortrijk,kortrijk.az_groeninge,AZ Groeninge hospital,84.2,regular,
mons.cuesmes__kortrijk.kennedypark,mons,mons.cuesmes,Cuesmes,kortrijk,kortrijk.kennedypark,Kennedypark,84.3,regular,
mons.cuesmes__ghent.zwijnaarde,mons,mons.cuesmes,Cuesmes,ghent,ghent.zwijnaarde,Technologiepark Zwijnaarde,89.9,regular,
mons.cuesmes__aalst.erembodegem,mons,mons.cuesmes,Cuesmes,aalst,aalst.erembodegem,Erembodegem business area,95.1,regular,
mons.foyer_montois__charleroi.aeropole,mons,mons.foyer_montois,Foyer Montois,charleroi,charleroi.aeropole,Aéropole,39.9,regular,
mons.foyer_montois__charleroi.centre,mons,mons.foyer_montois,Foyer Montois,charleroi,charleroi.centre,Charleroi-Central office area,45.6,regular,
mons.foyer_montois__halle.lembeek,mons,mons.foyer_montois,Foyer Montois,halle,halle.lembeek,Lembeek industrial area,53.9,regular,
mons.foyer_montois__tournai.froyennes,mons,mons.foyer_montois,Foyer Montois,tournai,tournai.froyennes,Froyennes business area,57.2,regular,
mons.foyer_montois__tournai.tournai_ouest,mons,mons.foyer_montois,Foyer Montois,tournai,tournai.tournai_ouest,Tournai Ouest industrial area,58.7,regular,
mons.foyer_montois__brussels.erasme,mons,mons.foyer_montois,Foyer Montois,brussels,brussels.erasme,Erasme business and hospital area,62.7,regular,
mons.foyer_montois__brussels.midi,mons,mons.foyer_montois,Foyer Montois,brussels,brussels.midi,Midi office area,63.3,regular,
mons.foyer_montois__namur.ecolys,mons,mons.foyer_montois,Foyer Montois,namur,namur.ecolys,Ecolys business park,65.6,regular,
mons.foyer_montois__namur.centre,mons,mons.foyer_montois,Foyer Montois,namur,namur.centre,Namur station administrative area,70.1,regular,
mons.foyer_montois__kortrijk.az_groeninge,mons,mons.foyer_montois,Foyer Montois,kortrijk,kortrijk.az_groeninge,AZ Groeninge hospital,84.5,regular,
mons.foyer_montois__kortrijk.kennedypark,mons,mons.foyer_montois,Foyer Montois,kortrijk,kortrijk.kennedypark,Kennedypark,84.7,regular,
mons.foyer_montois__aalst.erembodegem,mons,mons.foyer_montois,Foyer Montois,aalst,aalst.erembodegem,Erembodegem business area,86.4,regular,
mons.jemappes__charleroi.aeropole,mons,mons.jemappes,Jemappes,charleroi,charleroi.aeropole,Aéropole,46.7,regular,
mons.jemappes__charleroi.centre,mons,mons.jemappes,Jemappes,charleroi,charleroi.centre,Charleroi-Central office area,52.3,regular,
mons.jemappes__tournai.froyennes,mons,mons.jemappes,Jemappes,tournai,tournai.froyennes,Froyennes business area,54.9,regular,
mons.jemappes__tournai.tournai_ouest,mons,mons.jemappes,Jemappes,tournai,tournai.tournai_ouest,Tournai Ouest industrial area,56.4,regular,
mons.jemappes__halle.lembeek,mons,mons.jemappes,Jemappes,halle,halle.lembeek,Lembeek industrial area,60.6,regular,
mons.jemappes__brussels.erasme,mons,mons.jemappes,Jemappes,brussels,brussels.erasme,Erasme business and hospital area,69.4,regular,
mons.jemappes__brussels.midi,mons,mons.jemappes,Jemappes,brussels,brussels.midi,Midi office area,70.0,regular,
mons.jemappes__namur.ecolys,mons,mons.jemappes,Jemappes,namur,namur.ecolys,Ecolys business park,72.3,regular,
mons.jemappes__kortrijk.az_groeninge,mons,mons.jemappes,Jemappes,kortrijk,kortrijk.az_groeninge,AZ Groeninge hospital,82.2,regular,
mons.jemappes__kortrijk.kennedypark,mons,mons.jemappes,Jemappes,kortrijk,kortrijk.kennedypark,Kennedypark,82.4,regular,
mons.jemappes__ghent.zwijnaarde,mons,mons.jemappes,Jemappes,ghent,ghent.zwijnaarde,Technologiepark Zwijnaarde,88.0,regular,
mons.jemappes__aalst.erembodegem,mons,mons.jemappes,Jemappes,aalst,aalst.erembodegem,Erembodegem business area,93.1,regular,
namur.jambes__charleroi.aeropole,namur,namur.jambes,Jambes,charleroi,charleroi.aeropole,Aéropole,34.4,regular,
namur.jambes__charleroi.centre,namur,namur.jambes,Jambes,charleroi,charleroi.centre,Charleroi-Central office area,40.2,regular,
namur.jambes__wavre.wavre_nord,namur,namur.jambes,Jambes,wavre,wavre.wavre_nord,Wavre-Nord business park,45.6,regular,
namur.jambes__leuven.haasrode,namur,namur.jambes,Jambes,leuven,leuven.haasrode,Haasrode research park,60.1,regular,
namur.jambes__liege.guillemins,namur,namur.jambes,Jambes,liege,liege.guillemins,Guillemins office area,65.7,regular,
namur.jambes__brussels.central_station,namur,namur.jambes,Jambes,brussels,brussels.central_station,Central Station office area,66.5,regular,
namur.jambes__leuven.gasthuisberg,namur,namur.jambes,Jambes,leuven,leuven.gasthuisberg,UZ Leuven Gasthuisberg,67.3,regular,
namur.jambes__brussels.north_quarter,namur,namur.jambes,Jambes,brussels,brussels.north_quarter,North Quarter,67.5,regular,
namur.jambes__brussels.midi,namur,namur.jambes,Jambes,brussels,brussels.midi,Midi office area,67.6,regular,
namur.jambes__liege.sart_tilman,namur,namur.jambes,Jambes,liege,liege.sart_tilman,Sart-Tilman university and hospital,70.1,regular,
namur.jambes__brussels.european_quarter,namur,namur.jambes,Jambes,brussels,brussels.european_quarter,European Quarter,70.2,regular,
namur.jambes__halle.lembeek,namur,namur.jambes,Jambes,halle,halle.lembeek,Lembeek industrial area,77.1,regular,
namur.jambes__brussels.erasme,namur,namur.jambes,Jambes,brussels,brussels.erasme,Erasme business and hospital area,89.9,regular,
namur.jambes__hasselt.jessa,namur,namur.jambes,Jambes,hasselt,hasselt.jessa,Jessa hospital,102.1,regular,
namur.jambes__hasselt.corda_campus,namur,namur.jambes,Jambes,hasselt,hasselt.corda_campus,Corda Campus,107.0,regular,
namur.les_balances__charleroi.aeropole,namur,namur.les_balances,Les Balances,charleroi,charleroi.aeropole,Aéropole,33.3,regular,
namur.les_balances__charleroi.centre,namur,namur.les_balances,Les Balances,charleroi,charleroi.centre,Charleroi-Central office area,38.9,regular,
namur.les_balances__wavre.wavre_nord,namur,namur.les_balances,Les Balances,wavre,wavre.wavre_nord,Wavre-Nord business park,44.7,regular,
namur.les_balances__leuven.haasrode,namur,namur.les_balances,Les Balances,leuven,leuven.haasrode,Haasrode research park,59.2,regular,
namur.les_balances__liege.guillemins,namur,namur.les_balances,Les Balances,liege,liege.guillemins,Guillemins office area,64.8,regular,
namur.les_balances__brussels.central_station,namur,namur.les_balances,Les Balances,brussels,brussels.central_station,Central Station office area,65.5,regular,
namur.les_balances__leuven.gasthuisberg,namur,namur.les_balances,Les Balances,leuven,leuven.gasthuisberg,UZ Leuven Gasthuisberg,66.4,regular,
namur.les_balances__brussels.north_quarter,namur,namur.les_balances,Les Balances,brussels,brussels.north_quarter,North Quarter,66.5,regular,
namur.les_balances__brussels.midi,namur,namur.les_balances,Les Balances,brussels,brussels.midi,Midi office area,66.7,regular,
namur.les_balances__liege.sart_tilman,namur,namur.les_balances,Les Balances,liege,liege.sart_tilman,Sart-Tilman university and hospital,69.2,regular,
namur.les_balances__brussels.european_quarter,namur,namur.les_balances,Les Balances,brussels,brussels.european_quarter,European Quarter,69.2,regular,
namur.les_balances__halle.lembeek,namur,namur.les_balances,Les Balances,halle,halle.lembeek,Lembeek industrial area,76.0,regular,
namur.les_balances__brussels.erasme,namur,namur.les_balances,Les Balances,brussels,brussels.erasme,Erasme business and hospital area,84.9,regular,
namur.les_balances__hasselt.jessa,namur,namur.les_balances,Les Balances,hasselt,hasselt.jessa,Jessa hospital,101.2,regular,
namur.les_balances__hasselt.corda_campus,namur,namur.les_balances,Les Balances,hasselt,hasselt.corda_campus,Corda Campus,106.1,regular,
namur.saint_servais__charleroi.aeropole,namur,namur.saint_servais,Saint-Servais,charleroi,charleroi.aeropole,Aéropole,32.1,regular,
namur.saint_servais__charleroi.centre,namur,namur.saint_servais,Saint-Servais,charleroi,charleroi.centre,Charleroi-Central office area,38.0,regular,
namur.saint_servais__wavre.wavre_nord,namur,namur.saint_servais,Saint-Servais,wavre,wavre.wavre_nord,Wavre-Nord business park,42.6,regular,
namur.saint_servais__leuven.haasrode,namur,namur.saint_servais,Saint-Servais,leuven,leuven.haasrode,Haasrode research park,57.1,regular,
namur.saint_servais__liege.guillemins,namur,namur.saint_servais,Saint-Servais,liege,liege.guillemins,Guillemins office area,62.7,regular,
namur.saint_servais__brussels.central_station,namur,namur.saint_servais,Saint-Servais,brussels,brussels.central_station,Central Station office area,63.5,regular,
namur.saint_servais__leuven.gasthuisberg,namur,namur.saint_servais,Saint-Servais,leuven,leuven.gasthuisberg,UZ Leuven Gasthuisberg,64.3,regular,
namur.saint_servais__brussels.north_quarter,namur,namur.saint_servais,Saint-Servais,brussels,brussels.north_quarter,North Quarter,64.5,regular,
namur.saint_servais__brussels.midi,namur,namur.saint_servais,Saint-Servais,brussels,brussels.midi,Midi office area,64.6,regular,
namur.saint_servais__liege.sart_tilman,namur,namur.saint_servais,Saint-Servais,liege,liege.sart_tilman,Sart-Tilman university and hospital,67.1,regular,
namur.saint_servais__brussels.european_quarter,namur,namur.saint_servais,Saint-Servais,brussels,brussels.european_quarter,European Quarter,67.2,regular,
namur.saint_servais__halle.lembeek,namur,namur.saint_servais,Saint-Servais,halle,halle.lembeek,Lembeek industrial area,74.8,regular,
namur.saint_servais__brussels.erasme,namur,namur.saint_servais,Saint-Servais,brussels,brussels.erasme,Erasme business and hospital area,83.7,regular,
namur.saint_servais__hasselt.jessa,namur,namur.saint_servais,Saint-Servais,hasselt,hasselt.jessa,Jessa hospital,99.1,regular,
namur.saint_servais__hasselt.corda_campus,namur,namur.saint_servais,Saint-Servais,hasselt,hasselt.corda_campus,Corda Campus,104.0,regular,
oostende.h_hartplein__bruges.waggelwater,oostende,oostende.h_hartplein,H. Hartplein,bruges,bruges.waggelwater,Waggelwater business area,29.9,regular,
oostende.h_hartplein__bruges.zeebrugge,oostende,oostende.h_hartplein,H. Hartplein,bruges,bruges.zeebrugge,Port of Zeebrugge,45.0,regular,
oostende.h_hartplein__ieper.ieperleekanaal,oostende,oostende.h_hartplein,H. Hartplein,ieper,ieper.ieperleekanaal,Ieperleekanaal business area,49.0,regular,
oostende.h_hartplein__roeselare.roeselare_west,oostende,oostende.h_hartplein,H. Hartplein,roeselare,roeselare.roeselare_west,Roeselare-West business area,49.1,regular,
oostende.h_hartplein__roeselare.az_delta,oostende,oostende.h_hartplein,H. Hartplein,roeselare,roeselare.az_delta,AZ Delta hospital,52.0,regular,
oostende.h_hartplein__ghent.the_loop,oostende,oostende.h_hartplein,H. Hartplein,ghent,ghent.the_loop,The Loop,63.4,regular,
oostende.h_hartplein__ghent.zwijnaarde,oostende,oostende.h_hartplein,H. Hartplein,ghent,ghent.zwijnaarde,Technologiepark Zwijnaarde,64.2,regular,
oostende.h_hartplein__kortrijk.az_groeninge,oostende,oostende.h_hartplein,H. Hartplein,kortrijk,kortrijk.az_groeninge,AZ Groeninge hospital,69.8,regular,
oostende.h_hartplein__kortrijk.kennedypark,oostende,oostende.h_hartplein,H. Hartplein,kortrijk,kortrijk.kennedypark,Kennedypark,69.9,regular,
oostende.h_hartplein__brussels.erasme,oostende,oostende.h_hartplein,H. Hartplein,brussels,brussels.erasme,Erasme business and hospital area,113.5,regular,
oostende.h_hartplein__antwerp.kievit_offices,oostende,oostende.h_hartplein,H. Hartplein,antwerp,antwerp.kievit_offices,Kievit office district,121.4,regular,
oostende.h_hartplein__antwerp.port,oostende,oostende.h_hartplein,H. Hartplein,antwerp,antwerp.port,Port of Antwerp (Noorderlaan),129.2,regular,
oostende.mariakerke_distelbaan__bruges.waggelwater,oostende,oostende.mariakerke_distelbaan,Mariakerke - Distelbaan,bruges,bruges.waggelwater,Waggelwater business area,32.0,regular,
oostende.mariakerke_distelbaan__ieper.ieperleekanaal,oostende,oostende.mariakerke_distelbaan,Mariakerke - Distelbaan,ieper,ieper.ieperleekanaal,Ieperleekanaal business area,46.5,regular,
oostende.mariakerke_distelbaan__bruges.zeebrugge,oostende,oostende.mariakerke_distelbaan,Mariakerke - Distelbaan,bruges,bruges.zeebrugge,Port of Zeebrugge,47.0,regular,
oostende.mariakerke_distelbaan__roeselare.roeselare_west,oostende,oostende.mariakerke_distelbaan,Mariakerke - Distelbaan,roeselare,roeselare.roeselare_west,Roeselare-West business area,51.1,regular,
oostende.mariakerke_distelbaan__roeselare.az_delta,oostende,oostende.mariakerke_distelbaan,Mariakerke - Distelbaan,roeselare,roeselare.az_delta,AZ Delta hospital,54.1,regular,
oostende.mariakerke_distelbaan__ghent.the_loop,oostende,oostende.mariakerke_distelbaan,Mariakerke - Distelbaan,ghent,ghent.the_loop,The Loop,65.5,regular,
oostende.mariakerke_distelbaan__ghent.zwijnaarde,oostende,oostende.mariakerke_distelbaan,Mariakerke - Distelbaan,ghent,ghent.zwijnaarde,Technologiepark Zwijnaarde,66.3,regular,
oostende.mariakerke_distelbaan__kortrijk.az_groeninge,oostende,oostende.mariakerke_distelbaan,Mariakerke - Distelbaan,kortrijk,kortrijk.az_groeninge,AZ Groeninge hospital,71.9,regular,
oostende.mariakerke_distelbaan__kortrijk.kennedypark,oostende,oostende.mariakerke_distelbaan,Mariakerke - Distelbaan,kortrijk,kortrijk.kennedypark,Kennedypark,72.0,regular,
oostende.mariakerke_distelbaan__brussels.erasme,oostende,oostende.mariakerke_distelbaan,Mariakerke - Distelbaan,brussels,brussels.erasme,Erasme business and hospital area,115.6,regular,
oostende.mariakerke_distelbaan__antwerp.kievit_offices,oostende,oostende.mariakerke_distelbaan,Mariakerke - Distelbaan,antwerp,antwerp.kievit_offices,Kievit office district,123.5,regular,
oostende.mariakerke_distelbaan__antwerp.port,oostende,oostende.mariakerke_distelbaan,Mariakerke - Distelbaan,antwerp,antwerp.port,Port of Antwerp (Noorderlaan),131.3,regular,
oostende.oostende_stene__bruges.waggelwater,oostende,oostende.oostende_stene,Oostende-Stene,bruges,bruges.waggelwater,Waggelwater business area,29.1,regular,
oostende.oostende_stene__bruges.zeebrugge,oostende,oostende.oostende_stene,Oostende-Stene,bruges,bruges.zeebrugge,Port of Zeebrugge,44.1,regular,
oostende.oostende_stene__roeselare.roeselare_west,oostende,oostende.oostende_stene,Oostende-Stene,roeselare,roeselare.roeselare_west,Roeselare-West business area,48.2,regular,
oostende.oostende_stene__roeselare.az_delta,oostende,oostende.oostende_stene,Oostende-Stene,roeselare,roeselare.az_delta,AZ Delta hospital,51.2,regular,
oostende.oostende_stene__ghent.the_loop,oostende,oostende.oostende_stene,Oostende-Stene,ghent,ghent.the_loop,The Loop,62.6,regular,
oostende.oostende_stene__ghent.zwijnaarde,oostende,oostende.oostende_stene,Oostende-Stene,ghent,ghent.zwijnaarde,Technologiepark Zwijnaarde,63.3,regular,
oostende.oostende_stene__kortrijk.az_groeninge,oostende,oostende.oostende_stene,Oostende-Stene,kortrijk,kortrijk.az_groeninge,AZ Groeninge hospital,68.9,regular,
oostende.oostende_stene__kortrijk.kennedypark,oostende,oostende.oostende_stene,Oostende-Stene,kortrijk,kortrijk.kennedypark,Kennedypark,69.1,regular,
oostende.oostende_stene__ieper.ieperleekanaal,oostende,oostende.oostende_stene,Oostende-Stene,ieper,ieper.ieperleekanaal,Ieperleekanaal business area,83.8,regular,
oostende.oostende_stene__brussels.erasme,oostende,oostende.oostende_stene,Oostende-Stene,brussels,brussels.erasme,Erasme business and hospital area,112.7,regular,
oostende.oostende_stene__antwerp.kievit_offices,oostende,oostende.oostende_stene,Oostende-Stene,antwerp,antwerp.kievit_offices,Kievit office district,120.5,regular,
oostende.oostende_stene__antwerp.port,oostende,oostende.oostende_stene,Oostende-Stene,antwerp,antwerp.port,Port of Antwerp (Noorderlaan),128.4,regular,
roeselare.oekene__ieper.ieperleekanaal,roeselare,roeselare.oekene,Oekene,ieper,ieper.ieperleekanaal,Ieperleekanaal business area,37.1,regular,
roeselare.oekene__bruges.waggelwater,roeselare,roeselare.oekene,Oekene,bruges,bruges.waggelwater,Waggelwater business area,39.9,regular,
roeselare.oekene__tournai.tournai_ouest,roeselare,roeselare.oekene,Oekene,tournai,tournai.tournai_ouest,Tournai Ouest industrial area,42.6,regular,
roeselare.oekene__tournai.froyennes,roeselare,roeselare.oekene,Oekene,tournai,tournai.froyennes,Froyennes business area,45.1,regular,
roeselare.oekene__oostende.plassendale,roeselare,roeselare.oekene,Oekene,oostende,oostende.plassendale,Plassendale business park,48.0,regular,
roeselare.oekene__ghent.zwijnaarde,roeselare,roeselare.oekene,Oekene,ghent,ghent.zwijnaarde,Technologiepark Zwijnaarde,51.6,regular,
roeselare.oekene__bruges.zeebrugge,roeselare,roeselare.oekene,Oekene,bruges,bruges.zeebrugge,Port of Zeebrugge,54.9,regular,
roeselare.oekene__ghent.the_loop,roeselare,roeselare.oekene,Oekene,ghent,ghent.the_loop,The Loop,58.2,regular,
roeselare.oekene__oostende.airport,roeselare,roeselare.oekene,Oekene,oostende,oostende.airport,Ostend-Bruges airport business area,60.8,regular,
roeselare.oekene__brussels.erasme,roeselare,roeselare.oekene,Oekene,brussels,brussels.erasme,Erasme business and hospital area,102.4,regular,
roeselare.oekene__brussels.midi,roeselare,roeselare.oekene,Oekene,brussels,brussels.midi,Midi office area,103.3,regular,
roeselare.oekene__antwerp.port,roeselare,roeselare.oekene,Oekene,antwerp,antwerp.port,Port of Antwerp (Noorderlaan),124.8,regular,
roeselare.rumbeke__ieper.ieperleekanaal,roeselare,roeselare.rumbeke,Rumbeke,ieper,ieper.ieperleekanaal,Ieperleekanaal business area,19.7,regular,
roeselare.rumbeke__tournai.tournai_ouest,roeselare,roeselare.rumbeke,Rumbeke,tournai,tournai.tournai_ouest,Tournai Ouest industrial area,43.2,regular,
roeselare.rumbeke__bruges.waggelwater,roeselare,roeselare.rumbeke,Rumbeke,bruges,bruges.waggelwater,Waggelwater business area,43.9,regular,
roeselare.rumbeke__oostende.airport,roeselare,roeselare.rumbeke,Rumbeke,oostende,oostende.airport,Ostend-Bruges airport business area,44.6,regular,
roeselare.rumbeke__tournai.froyennes,roeselare,roeselare.rumbeke,Rumbeke,tournai,tournai.froyennes,Froyennes business area,45.6,regular,
roeselare.rumbeke__oostende.plassendale,roeselare,roeselare.rumbeke,Rumbeke,oostende,oostende.plassendale,Plassendale business park,52.0,regular,
roeselare.rumbeke__bruges.zeebrugge,roeselare,roeselare.rumbeke,Rumbeke,bruges,bruges.zeebrugge,Port of Zeebrugge,58.9,regular,
roeselare.rumbeke__ghent.zwijnaarde,roeselare,roeselare.rumbeke,Rumbeke,ghent,ghent.zwijnaarde,Technologiepark Zwijnaarde,61.2,regular,
roeselare.rumbeke__ghent.the_loop,roeselare,roeselare.rumbeke,Rumbeke,ghent,ghent.the_loop,The Loop,67.8,regular,
roeselare.rumbeke__brussels.erasme,roeselare,roeselare.rumbeke,Rumbeke,brussels,brussels.erasme,Erasme business and hospital area,112.0,regular,
roeselare.rumbeke__brussels.midi,roeselare,roeselare.rumbeke,Rumbeke,brussels,brussels.midi,Midi office area,112.9,regular,
roeselare.rumbeke__antwerp.port,roeselare,roeselare.rumbeke,Rumbeke,antwerp,antwerp.port,Port of Antwerp (Noorderlaan),134.4,regular,
roeselare.sint_jozefskwartier__ieper.ieperleekanaal,roeselare,roeselare.sint_jozefskwartier,Sint-Jozefskwartier,ieper,ieper.ieperleekanaal,Ieperleekanaal business area,22.7,regular,
roeselare.sint_jozefskwartier__kortrijk.az_groeninge,roeselare,roeselare.sint_jozefskwartier,Sint-Jozefskwartier,kortrijk,kortrijk.az_groeninge,AZ Groeninge hospital,23.9,regular,
roeselare.sint_jozefskwartier__kortrijk.kennedypark,roeselare,roeselare.sint_jozefskwartier,Sint-Jozefskwartier,kortrijk,kortrijk.kennedypark,Kennedypark,24.0,regular,
roeselare.sint_jozefskwartier__bruges.waggelwater,roeselare,roeselare.sint_jozefskwartier,Sint-Jozefskwartier,bruges,bruges.waggelwater,Waggelwater business area,38.5,regular,
roeselare.sint_jozefskwartier__tournai.tournai_ouest,roeselare,roeselare.sint_jozefskwartier,Sint-Jozefskwartier,tournai,tournai.tournai_ouest,Tournai Ouest industrial area,44.3,regular,
roeselare.sint_jozefskwartier__oostende.plassendale,roeselare,roeselare.sint_jozefskwartier,Sint-Jozefskwartier,oostende,oostende.plassendale,Plassendale business park,46.6,regular,
roeselare.sint_jozefskwartier__tournai.froyennes,roeselare,roeselare.sint_jozefskwartier,Sint-Jozefskwartier,tournai,tournai.froyennes,Froyennes business area,46.7,regular,
roeselare.sint_jozefskwartier__ghent.the_loop,roeselare,roeselare.sint_jozefskwartier,Sint-Jozefskwartier,ghent,ghent.the_loop,The Loop,50.9,regular,
roeselare.sint_jozefskwartier__bruges.zeebrugge,roeselare,roeselare.sint_jozefskwartier,Sint-Jozefskwartier,bruges,bruges.zeebrugge,Port of Zeebrugge,53.5,regular,
roeselare.sint_jozefskwartier__ghent.zwijnaarde,roeselare,roeselare.sint_jozefskwartier,Sint-Jozefskwartier,ghent,ghent.zwijnaarde,Technologiepark Zwijnaarde,54.1,regular,
roeselare.sint_jozefskwartier__oostende.airport,roeselare,roeselare.sint_jozefskwartier,Sint-Jozefskwartier,oostende,oostende.airport,Ostend-Bruges airport business area,59.5,regular,
roeselare.sint_jozefskwartier__brussels.erasme,roeselare,roeselare.sint_jozefskwartier,Sint-Jozefskwartier,brussels,brussels.erasme,Erasme business and hospital area,104.9,regular,
sint_niklaas.ankerstraat__antwerp.port,sint_niklaas,sint_niklaas.ankerstraat,Ankerstraat,antwerp,antwerp.port,Port of Antwerp (Noorderlaan),27.4,regular,
sint_niklaas.ankerstraat__antwerp.kievit_offices,sint_niklaas,sint_niklaas.ankerstraat,Ankerstraat,antwerp,antwerp.kievit_offices,Kievit office district,28.3,regular,
sint_niklaas.ankerstraat__aalst.olv_hospital,sint_niklaas,sint_niklaas.ankerstraat,Ankerstraat,aalst,aalst.olv_hospital,OLV hospital (AZORG),33.4,regular,
sint_niklaas.ankerstraat__mechelen.az_sint_maarten,sint_niklaas,sint_niklaas.ankerstraat,Ankerstraat,mechelen,mechelen.az_sint_maarten,AZ Sint-Maarten hospital,36.5,regular,
sint_niklaas.ankerstraat__aalst.erembodegem,sint_niklaas,sint_niklaas.ankerstraat,Ankerstraat,aalst,aalst.erembodegem,Erembodegem business area,37.9,regular,
sint_niklaas.ankerstraat__ghent.port,sint_niklaas,sint_niklaas.ankerstraat,Ankerstraat,ghent,ghent.port,Port of Ghent (Kennedylaan),39.6,regular,
sint_niklaas.ankerstraat__ghent.zwijnaarde,sint_niklaas,sint_niklaas.ankerstraat,Ankerstraat,ghent,ghent.zwijnaarde,Technologiepark Zwijnaarde,43.5,regular,
sint_niklaas.ankerstraat__mechelen.mechelen_noord,sint_niklaas,sint_niklaas.ankerstraat,Ankerstraat,mechelen,mechelen.mechelen_noord,Mechelen-Noord business area,44.1,regular,
sint_niklaas.ankerstraat__vilvoorde.cargovil,sint_niklaas,sint_niklaas.ankerstraat,Ankerstraat,vilvoorde,vilvoorde.cargovil,Cargovil,44.8,regular,
sint_niklaas.ankerstraat__brussels.north_quarter,sint_niklaas,sint_niklaas.ankerstraat,Ankerstraat,brussels,brussels.north_quarter,North Quarter,45.9,regular,
sint_niklaas.ankerstraat__brussels.central_station,sint_niklaas,sint_niklaas.ankerstraat,Ankerstraat,brussels,brussels.central_station,Central Station office area,47.9,regular,
sint_niklaas.ankerstraat__leuven.gasthuisberg,sint_niklaas,sint_niklaas.ankerstraat,Ankerstraat,leuven,leuven.gasthuisberg,UZ Leuven Gasthuisberg,68.2,regular,
sint_niklaas.belsele__antwerp.kievit_offices,sint_niklaas,sint_niklaas.belsele,Belsele,antwerp,antwerp.kievit_offices,Kievit office district,29.4,regular,
sint_niklaas.belsele__antwerp.port,sint_niklaas,sint_niklaas.belsele,Belsele,antwerp,antwerp.port,Port of Antwerp (Noorderlaan),29.9,regular,
sint_niklaas.belsele__aalst.olv_hospital,sint_niklaas,sint_niklaas.belsele,Belsele,aalst,aalst.olv_hospital,OLV hospital (AZORG),31.6,regular,
sint_niklaas.belsele__aalst.erembodegem,sint_niklaas,sint_niklaas.belsele,Belsele,aalst,aalst.erembodegem,Erembodegem business area,36.0,regular,
sint_niklaas.belsele__ghent.port,sint_niklaas,sint_niklaas.belsele,Belsele,ghent,ghent.port,Port of Ghent (Kennedylaan),37.8,regular,
sint_niklaas.belsele__ghent.zwijnaarde,sint_niklaas,sint_niklaas.belsele,Belsele,ghent,ghent.zwijnaarde,Technologiepark Zwijnaarde,41.7,regular,
sint_niklaas.belsele__mechelen.mechelen_noord,sint_niklaas,sint_niklaas.belsele,Belsele,mechelen,mechelen.mechelen_noord,Mechelen-Noord business area,45.3,regular,
sint_niklaas.belsele__mechelen.az_sint_maarten,sint_niklaas,sint_niklaas.belsele,Belsele,mechelen,mechelen.az_sint_maarten,AZ Sint-Maarten hospital,46.5,regular,
sint_niklaas.belsele__brussels.north_quarter,sint_niklaas,sint_niklaas.belsele,Belsele,brussels,brussels.north_quarter,North Quarter,47.6,regular,
sint_niklaas.belsele__brussels.central_station,sint_niklaas,sint_niklaas.belsele,Belsele,brussels,brussels.central_station,Central Station office area,49.6,regular,
sint_niklaas.belsele__leuven.gasthuisberg,sint_niklaas,sint_niklaas.belsele,Belsele,leuven,leuven.gasthuisberg,UZ Leuven Gasthuisberg,69.8,regular,
sint_niklaas.belsele__leuven.haasrode,sint_niklaas,sint_niklaas.belsele,Belsele,leuven,leuven.haasrode,Haasrode research park,73.8,regular,
sint_niklaas.sinaai__ghent.port,sint_niklaas,sint_niklaas.sinaai,Sinaai,ghent,ghent.port,Port of Ghent (Kennedylaan),33.0,regular,
sint_niklaas.sinaai__antwerp.kievit_offices,sint_niklaas,sint_niklaas.sinaai,Sinaai,antwerp,antwerp.kievit_offices,Kievit office district,33.9,regular,
sint_niklaas.sinaai__aalst.olv_hospital,sint_niklaas,sint_niklaas.sinaai,Sinaai,aalst,aalst.olv_hospital,OLV hospital (AZORG),35.2,regular,
sint_niklaas.sinaai__antwerp.port,sint_niklaas,sint_niklaas.sinaai,Sinaai,antwerp,antwerp.port,Port of Antwerp (Noorderlaan),36.2,regular,
sint_niklaas.sinaai__ghent.zwijnaarde,sint_niklaas,sint_niklaas.sinaai,Sinaai,ghent,ghent.zwijnaarde,Technologiepark Zwijnaarde,37.0,regular,
sint_niklaas.sinaai__mechelen.mechelen_noord,sint_niklaas,sint_niklaas.sinaai,Sinaai,mechelen,mechelen.mechelen_noord,Mechelen-Noord business area,49.7,regular,
sint_niklaas.sinaai__mechelen.az_sint_maarten,sint_niklaas,sint_niklaas.sinaai,Sinaai,mechelen,mechelen.az_sint_maarten,AZ Sint-Maarten hospital,51.0,regular,
sint_niklaas.sinaai__brussels.north_quarter,sint_niklaas,sint_niklaas.sinaai,Sinaai,brussels,brussels.north_quarter,North Quarter,52.1,regular,
sint_niklaas.sinaai__brussels.central_station,sint_niklaas,sint_niklaas.sinaai,Sinaai,brussels,brussels.central_station,Central Station office area,54.0,regular,
sint_niklaas.sinaai__aalst.erembodegem,sint_niklaas,sint_niklaas.sinaai,Sinaai,aalst,aalst.erembodegem,Erembodegem business area,56.9,regular,
sint_niklaas.sinaai__leuven.gasthuisberg,sint_niklaas,sint_niklaas.sinaai,Sinaai,leuven,leuven.gasthuisberg,UZ Leuven Gasthuisberg,74.3,regular,
sint_niklaas.sinaai__leuven.haasrode,sint_niklaas,sint_niklaas.sinaai,Sinaai,leuven,leuven.haasrode,Haasrode research park,78.3,regular,
tournai.faubourg_saint_martin_centre__kortrijk.az_groeninge,tournai,tournai.faubourg_saint_martin_centre,Faubourg Saint-Martin - Centre,kortrijk,kortrijk.az_groeninge,AZ Groeninge hospital,35.0,regular,
tournai.faubourg_saint_martin_centre__kortrijk.kennedypark,tournai,tournai.faubourg_saint_martin_centre,Faubourg Saint-Martin - Centre,kortrijk,kortrijk.kennedypark,Kennedypark,35.2,regular,
tournai.faubourg_saint_martin_centre__mons.ghlin_baudour,tournai,tournai.faubourg_saint_martin_centre,Faubourg Saint-Martin - Centre,mons,mons.ghlin_baudour,Ghlin-Baudour industrial area,44.5,regular,
tournai.faubourg_saint_martin_centre__roeselare.az_delta,tournai,tournai.faubourg_saint_martin_centre,Faubourg Saint-Martin - Centre,roeselare,roeselare.az_delta,AZ Delta hospital,47.6,regular,
tournai.faubourg_saint_martin_centre__mons.initialis,tournai,tournai.faubourg_saint_martin_centre,Faubourg Saint-Martin - Centre,mons,mons.initialis,Initialis business park,48.0,regular,
tournai.faubourg_saint_martin_centre__roeselare.roeselare_west,tournai,tournai.faubourg_saint_martin_centre,Faubourg Saint-Martin - Centre,roeselare,roeselare.roeselare_west,Roeselare-West business area,56.5,regular,
tournai.faubourg_saint_martin_centre__ieper.ieperleekanaal,tournai,tournai.faubourg_saint_martin_centre,Faubourg Saint-Martin - Centre,ieper,ieper.ieperleekanaal,Ieperleekanaal business area,60.6,regular,
tournai.faubourg_saint_martin_centre__ghent.zwijnaarde,tournai,tournai.faubourg_saint_martin_centre,Faubourg Saint-Martin - Centre,ghent,ghent.zwijnaarde,Technologiepark Zwijnaarde,73.6,regular,
tournai.faubourg_saint_martin_centre__ghent.the_loop,tournai,tournai.faubourg_saint_martin_centre,Faubourg Saint-Martin - Centre,ghent,ghent.the_loop,The Loop,80.3,regular,
tournai.faubourg_saint_martin_centre__bruges.waggelwater,tournai,tournai.faubourg_saint_martin_centre,Faubourg Saint-Martin - Centre,bruges,bruges.waggelwater,Waggelwater business area,82.5,regular,
tournai.faubourg_saint_martin_centre__brussels.erasme,tournai,tournai.faubourg_saint_martin_centre,Faubourg Saint-Martin - Centre,brussels,brussels.erasme,Erasme business and hospital area,87.0,regular,
tournai.faubourg_saint_martin_centre__brussels.midi,tournai,tournai.faubourg_saint_martin_centre,Faubourg Saint-Martin - Centre,brussels,brussels.midi,Midi office area,87.6,regular,
tournai.kain_mont_saint_aubert__kortrijk.az_groeninge,tournai,tournai.kain_mont_saint_aubert,Kain - Mont-Saint-Aubert,kortrijk,kortrijk.az_groeninge,AZ Groeninge hospital,37.4,regular,
tournai.kain_mont_saint_aubert__kortrijk.kennedypark,tournai,tournai.kain_mont_saint_aubert,Kain - Mont-Saint-Aubert,kortrijk,kortrijk.kennedypark,Kennedypark,37.5,regular,
tournai.kain_mont_saint_aubert__mons.ghlin_baudour,tournai,tournai.kain_mont_saint_aubert,Kain - Mont-Saint-Aubert,mons,mons.ghlin_baudour,Ghlin-Baudour industrial area,44.9,regular,
tournai.kain_mont_saint_aubert__mons.initialis,tournai,tournai.kain_mont_saint_aubert,Kain - Mont-Saint-Aubert,mons,mons.initialis,Initialis business park,48.4,regular,
tournai.kain_mont_saint_aubert__roeselare.az_delta,tournai,tournai.kain_mont_saint_aubert,Kain - Mont-Saint-Aubert,roeselare,roeselare.az_delta,AZ Delta hospital,50.0,regular,
tournai.kain_mont_saint_aubert__roeselare.roeselare_west,tournai,tournai.kain_mont_saint_aubert,Kain - Mont-Saint-Aubert,roeselare,roeselare.roeselare_west,Roeselare-West business area,58.8,regular,
tournai.kain_mont_saint_aubert__ieper.ieperleekanaal,tournai,tournai.kain_mont_saint_aubert,Kain - Mont-Saint-Aubert,ieper,ieper.ieperleekanaal,Ieperleekanaal business area,63.0,regular,
tournai.kain_mont_saint_aubert__ghent.zwijnaarde,tournai,tournai.kain_mont_saint_aubert,Kain - Mont-Saint-Aubert,ghent,ghent.zwijnaarde,Technologiepark Zwijnaarde,76.0,regular,
tournai.kain_mont_saint_aubert__ghent.the_loop,tournai,tournai.kain_mont_saint_aubert,Kain - Mont-Saint-Aubert,ghent,ghent.the_loop,The Loop,82.6,regular,
tournai.kain_mont_saint_aubert__brussels.erasme,tournai,tournai.kain_mont_saint_aubert,Kain - Mont-Saint-Aubert,brussels,brussels.erasme,Erasme business and hospital area,83.4,regular,
tournai.kain_mont_saint_aubert__brussels.midi,tournai,tournai.kain_mont_saint_aubert,Kain - Mont-Saint-Aubert,brussels,brussels.midi,Midi office area,83.9,regular,
tournai.kain_mont_saint_aubert__bruges.waggelwater,tournai,tournai.kain_mont_saint_aubert,Kain - Mont-Saint-Aubert,bruges,bruges.waggelwater,Waggelwater business area,84.8,regular,
tournai.templeuve__kortrijk.az_groeninge,tournai,tournai.templeuve,Templeuve,kortrijk,kortrijk.az_groeninge,AZ Groeninge hospital,24.5,regular,
tournai.templeuve__kortrijk.kennedypark,tournai,tournai.templeuve,Templeuve,kortrijk,kortrijk.kennedypark,Kennedypark,24.7,regular,
tournai.templeuve__roeselare.az_delta,tournai,tournai.templeuve,Templeuve,roeselare,roeselare.az_delta,AZ Delta hospital,37.2,regular,
tournai.templeuve__roeselare.roeselare_west,tournai,tournai.templeuve,Templeuve,roeselare,roeselare.roeselare_west,Roeselare-West business area,46.0,regular,
tournai.templeuve__ieper.ieperleekanaal,tournai,tournai.templeuve,Templeuve,ieper,ieper.ieperleekanaal,Ieperleekanaal business area,50.1,regular,
tournai.templeuve__mons.ghlin_baudour,tournai,tournai.templeuve,Templeuve,mons,mons.ghlin_baudour,Ghlin-Baudour industrial area,56.6,regular,
tournai.templeuve__mons.initialis,tournai,tournai.templeuve,Templeuve,mons,mons.initialis,Initialis business park,60.1,regular,
tournai.templeuve__ghent.zwijnaarde,tournai,tournai.templeuve,Templeuve,ghent,ghent.zwijnaarde,Technologiepark Zwijnaarde,63.2,regular,
tournai.templeuve__ghent.the_loop,tournai,tournai.templeuve,Templeuve,ghent,ghent.the_loop,The Loop,69.8,regular,
tournai.templeuve__bruges.waggelwater,tournai,tournai.templeuve,Templeuve,bruges,bruges.waggelwater,Waggelwater business area,72.0,regular,
tournai.templeuve__bruges.zeebrugge,tournai,tournai.templeuve,Templeuve,bruges,bruges.zeebrugge,Port of Zeebrugge,87.0,regular,
tournai.templeuve__brussels.erasme,tournai,tournai.templeuve,Templeuve,brussels,brussels.erasme,Erasme business and hospital area,94.2,regular,
turnhout.tuinwijk__geel.kievermont,turnhout,turnhout.tuinwijk,Tuinwijk,geel,geel.kievermont,Kievermont business area,23.1,regular,
turnhout.tuinwijk__mol.berkebossen,turnhout,turnhout.tuinwijk,Tuinwijk,mol,mol.berkebossen,Berkebossen business area,28.0,regular,
turnhout.tuinwijk__lommel.kristalpark,turnhout,turnhout.tuinwijk,Tuinwijk,lommel,lommel.kristalpark,Kristalpark,37.0,regular,
turnhout.tuinwijk__antwerp.berchem_offices,turnhout,turnhout.tuinwijk,Tuinwijk,antwerp,antwerp.berchem_offices,Berchem office district,41.4,regular,
turnhout.tuinwijk__antwerp.kievit_offices,turnhout,turnhout.tuinwijk,Tuinwijk,antwerp,antwerp.kievit_offices,Kievit office district,41.9,regular,
turnhout.tuinwijk__beringen.industrieweg,turnhout,turnhout.tuinwijk,Tuinwijk,beringen,beringen.industrieweg,Beringen industrial area,45.3,regular,
turnhout.tuinwijk__antwerp.port,turnhout,turnhout.tuinwijk,Tuinwijk,antwerp,antwerp.port,Port of Antwerp (Noorderlaan),56.0,regular,
turnhout.tuinwijk__hamont_achel.hamont_industrial,turnhout,turnhout.tuinwijk,Tuinwijk,hamont_achel,hamont_achel.hamont_industrial,Hamont industrial area,56.9,regular,
turnhout.tuinwijk__mechelen.az_sint_maarten,turnhout,turnhout.tuinwijk,Tuinwijk,mechelen,mechelen.az_sint_maarten,AZ Sint-Maarten hospital,62.9,regular,
turnhout.tuinwijk__hasselt.jessa,turnhout,turnhout.tuinwijk,Tuinwijk,hasselt,hasselt.jessa,Jessa hospital,64.9,regular,
turnhout.tuinwijk__hasselt.corda_campus,turnhout,turnhout.tuinwijk,Tuinwijk,hasselt,hasselt.corda_campus,Corda Campus,65.4,regular,
turnhout.tuinwijk__leuven.gasthuisberg,turnhout,turnhout.tuinwijk,Tuinwijk,leuven,leuven.gasthuisberg,UZ Leuven Gasthuisberg,66.1,regular,
turnhout.tuinwijk__leuven.haasrode,turnhout,turnhout.tuinwijk,Tuinwijk,leuven,leuven.haasrode,Haasrode research park,103.7,regular,
turnhout.turnhout_centrum__geel.kievermont,turnhout,turnhout.turnhout_centrum,Turnhout-Centrum,geel,geel.kievermont,Kievermont business area,26.0,regular,
turnhout.turnhout_centrum__mol.berkebossen,turnhout,turnhout.turnhout_centrum,Turnhout-Centrum,mol,mol.berkebossen,Berkebossen business area,26.6,regular,
turnhout.turnhout_centrum__lommel.kristalpark,turnhout,turnhout.turnhout_centrum,Turnhout-Centrum,lommel,lommel.kristalpark,Kristalpark,35.6,regular,
turnhout.turnhout_centrum__antwerp.berchem_offices,turnhout,turnhout.turnhout_centrum,Turnhout-Centrum,antwerp,antwerp.berchem_offices,Berchem office district,48.1,regular,
turnhout.turnhout_centrum__beringen.industrieweg,turnhout,turnhout.turnhout_centrum,Turnhout-Centrum,beringen,beringen.industrieweg,Beringen industrial area,48.2,regular,
turnhout.turnhout_centrum__antwerp.kievit_offices,turnhout,turnhout.turnhout_centrum,Turnhout-Centrum,antwerp,antwerp.kievit_offices,Kievit office district,48.6,regular,
turnhout.turnhout_centrum__hamont_achel.hamont_industrial,turnhout,turnhout.turnhout_centrum,Turnhout-Centrum,hamont_achel,hamont_achel.hamont_industrial,Hamont industrial area,55.5,regular,
turnhout.turnhout_centrum__antwerp.port,turnhout,turnhout.turnhout_centrum,Turnhout-Centrum,antwerp,antwerp.port,Port of Antwerp (Noorderlaan),62.7,regular,
turnhout.turnhout_centrum__hasselt.jessa,turnhout,turnhout.turnhout_centrum,Turnhout-Centrum,hasselt,hasselt.jessa,Jessa hospital,67.8,regular,
turnhout.turnhout_centrum__hasselt.corda_campus,turnhout,turnhout.turnhout_centrum,Turnhout-Centrum,hasselt,hasselt.corda_campus,Corda Campus,68.3,regular,
turnhout.turnhout_centrum__leuven.gasthuisberg,turnhout,turnhout.turnhout_centrum,Turnhout-Centrum,leuven,leuven.gasthuisberg,UZ Leuven Gasthuisberg,69.0,regular,
turnhout.turnhout_centrum__mechelen.az_sint_maarten,turnhout,turnhout.turnhout_centrum,Turnhout-Centrum,mechelen,mechelen.az_sint_maarten,AZ Sint-Maarten hospital,69.5,regular,
turnhout.turnhout_centrum__genk.thor_park,turnhout,turnhout.turnhout_centrum,Turnhout-Centrum,genk,genk.thor_park,Thor Park,78.1,regular,
vilvoorde.far_west__brussels.erasme,vilvoorde,vilvoorde.far_west,Far West,brussels,brussels.erasme,Erasme business and hospital area,23.8,regular,
vilvoorde.far_west__leuven.gasthuisberg,vilvoorde,vilvoorde.far_west,Far West,leuven,leuven.gasthuisberg,UZ Leuven Gasthuisberg,28.9,regular,
vilvoorde.far_west__leuven.haasrode,vilvoorde,vilvoorde.far_west,Far West,leuven,leuven.haasrode,Haasrode research park,32.9,regular,
vilvoorde.far_west__aalst.erembodegem,vilvoorde,vilvoorde.far_west,Far West,aalst,aalst.erembodegem,Erembodegem business area,34.9,regular,
vilvoorde.far_west__antwerp.berchem_offices,vilvoorde,vilvoorde.far_west,Far West,antwerp,antwerp.berchem_offices,Berchem office district,36.0,regular,
vilvoorde.far_west__wavre.wavre_nord,vilvoorde,vilvoorde.far_west,Far West,wavre,wavre.wavre_nord,Wavre-Nord business park,36.5,regular,
vilvoorde.far_west__antwerp.kievit_offices,vilvoorde,vilvoorde.far_west,Far West,antwerp,antwerp.kievit_offices,Kievit office district,36.7,regular,
vilvoorde.far_west__aalst.olv_hospital,vilvoorde,vilvoorde.far_west,Far West,aalst,aalst.olv_hospital,OLV hospital (AZORG),37.9,regular,
vilvoorde.far_west__halle.lembeek,vilvoorde,vilvoorde.far_west,Far West,halle,halle.lembeek,Lembeek industrial area,39.0,regular,
vilvoorde.far_west__charleroi.aeropole,vilvoorde,vilvoorde.far_west,Far West,charleroi,charleroi.aeropole,Aéropole,61.4,regular,
vilvoorde.far_west__ghent.zwijnaarde,vilvoorde,vilvoorde.far_west,Far West,ghent,ghent.zwijnaarde,Technologiepark Zwijnaarde,64.1,regular,
vilvoorde.far_west__ghent.port,vilvoorde,vilvoorde.far_west,Far West,ghent,ghent.port,Port of Ghent (Kennedylaan),70.0,regular,
vilvoorde.peutie__leuven.gasthuisberg,vilvoorde,vilvoorde.peutie,Peutie,leuven,leuven.gasthuisberg,UZ Leuven Gasthuisberg,25.9,regular,
vilvoorde.peutie__brussels.erasme,vilvoorde,vilvoorde.peutie,Peutie,brussels,brussels.erasme,Erasme business and hospital area,26.7,regular,
vilvoorde.peutie__leuven.haasrode,vilvoorde,vilvoorde.peutie,Peutie,leuven,leuven.haasrode,Haasrode research park,29.9,regular,
vilvoorde.peutie__wavre.wavre_nord,vilvoorde,vilvoorde.peutie,Peutie,wavre,wavre.wavre_nord,Wavre-Nord business park,33.5,regular,
vilvoorde.peutie__aalst.erembodegem,vilvoorde,vilvoorde.peutie,Peutie,aalst,aalst.erembodegem,Erembodegem business area,37.8,regular,
vilvoorde.peutie__antwerp.berchem_offices,vilvoorde,vilvoorde.peutie,Peutie,antwerp,antwerp.berchem_offices,Berchem office district,39.0,regular,
vilvoorde.peutie__antwerp.kievit_offices,vilvoorde,vilvoorde.peutie,Peutie,antwerp,antwerp.kievit_offices,Kievit office district,39.7,regular,
vilvoorde.peutie__aalst.olv_hospital,vilvoorde,vilvoorde.peutie,Peutie,aalst,aalst.olv_hospital,OLV hospital (AZORG),40.8,regular,
vilvoorde.peutie__halle.lembeek,vilvoorde,vilvoorde.peutie,Peutie,halle,halle.lembeek,Lembeek industrial area,41.9,regular,
vilvoorde.peutie__charleroi.aeropole,vilvoorde,vilvoorde.peutie,Peutie,charleroi,charleroi.aeropole,Aéropole,58.4,regular,
vilvoorde.peutie__ghent.zwijnaarde,vilvoorde,vilvoorde.peutie,Peutie,ghent,ghent.zwijnaarde,Technologiepark Zwijnaarde,67.0,regular,
vilvoorde.peutie__ghent.port,vilvoorde,vilvoorde.peutie,Peutie,ghent,ghent.port,Port of Ghent (Kennedylaan),73.0,regular,
wavre.limal__brussels.central_station,wavre,wavre.limal,Limal,brussels,brussels.central_station,Central Station office area,28.6,regular,
wavre.limal__leuven.haasrode,wavre,wavre.limal,Limal,leuven,leuven.haasrode,Haasrode research park,28.9,regular,
wavre.limal__brussels.european_quarter,wavre,wavre.limal,Limal,brussels,brussels.european_quarter,European Quarter,32.3,regular,
wavre.limal__halle.lembeek,wavre,wavre.limal,Limal,halle,halle.lembeek,Lembeek industrial area,36.0,regular,
wavre.limal__vilvoorde.cargovil,wavre,wavre.limal,Limal,vilvoorde,vilvoorde.cargovil,Cargovil,36.8,regular,
wavre.limal__leuven.gasthuisberg,wavre,wavre.limal,Limal,leuven,leuven.gasthuisberg,UZ Leuven Gasthuisberg,41.0,regular,
wavre.limal__charleroi.aeropole,wavre,wavre.limal,Limal,charleroi,charleroi.aeropole,Aéropole,41.6,regular,
wavre.limal__namur.centre,wavre,wavre.limal,Limal,namur,namur.centre,Namur station administrative area,41.6,regular,
wavre.limal__namur.ecolys,wavre,wavre.limal,Limal,namur,namur.ecolys,Ecolys business park,44.3,regular,
wavre.limal__charleroi.centre,wavre,wavre.limal,Limal,charleroi,charleroi.centre,Charleroi-Central office area,57.1,regular,
wavre.limal__antwerp.berchem_offices,wavre,wavre.limal,Limal,antwerp,antwerp.berchem_offices,Berchem office district,66.9,regular,
wavre.limal__antwerp.kievit_offices,wavre,wavre.limal,Limal,antwerp,antwerp.kievit_offices,Kievit office district,67.6,regular,
wavre.orangerie__leuven.gasthuisberg,wavre,wavre.orangerie,Orangerie,leuven,leuven.gasthuisberg,UZ Leuven Gasthuisberg,27.6,regular,
wavre.orangerie__brussels.central_station,wavre,wavre.orangerie,Orangerie,brussels,brussels.central_station,Central Station office area,27.8,regular,
wavre.orangerie__brussels.european_quarter,wavre,wavre.orangerie,Orangerie,brussels,brussels.european_quarter,European Quarter,31.5,regular,
wavre.orangerie__vilvoorde.cargovil,wavre,wavre.orangerie,Orangerie,vilvoorde,vilvoorde.cargovil,Cargovil,36.1,regular,
wavre.orangerie__namur.centre,wavre,wavre.orangerie,Orangerie,namur,namur.centre,Namur station administrative area,38.9,regular,
wavre.orangerie__namur.ecolys,wavre,wavre.orangerie,Orangerie,namur,namur.ecolys,Ecolys business park,41.7,regular,
wavre.orangerie__halle.lembeek,wavre,wavre.orangerie,Orangerie,halle,halle.lembeek,Lembeek industrial area,43.6,regular,
wavre.orangerie__charleroi.aeropole,wavre,wavre.orangerie,Orangerie,charleroi,charleroi.aeropole,Aéropole,44.5,regular,
wavre.orangerie__charleroi.centre,wavre,wavre.orangerie,Orangerie,charleroi,charleroi.centre,Charleroi-Central office area,60.0,regular,
wavre.orangerie__antwerp.berchem_offices,wavre,wavre.orangerie,Orangerie,antwerp,antwerp.berchem_offices,Berchem office district,66.1,regular,
wavre.orangerie__antwerp.kievit_offices,wavre,wavre.orangerie,Orangerie,antwerp,antwerp.kievit_offices,Kievit office district,66.8,regular,
wavre.orangerie__hasselt.jessa,wavre,wavre.orangerie,Orangerie,hasselt,hasselt.jessa,Jessa hospital,86.0,regular,
